id,school,subject,title,prompt,description,elements,
es-komu-01,elementary,校務,学級通信を作成する,"あなたは小学校5年生の担任です。
今週の学級通信を作成してください。
内容は、今週の授業の様子、特に算数の授業で新しい単元「割合」に入り、児童たちが意欲的に学んでいることを中心に書いてください。
形式は、児童や保護者が読みやすいように、適度に改行や絵文字を入れてください。
語調は、児童たちを褒めることを中心に、親しみやすく、かつ成長を促すような文章にしてください。
600字程度で作成してください。",学級通信の作成時間を短縮し、より魅力的な通信を作成できます。,"人物,内容,形式や語調,制約",0
es-komu-02,elementary,校務,運動会のお知らせを作成する,"あなたは小学校の教員として、保護者向けの運動会のお知らせを作成します。
お知らせは、保護者に親しみやすく、かつ丁寧な言葉遣いで作成してください。子どもたちの頑張りが伝わるような、活気のある表現を心がけ、箇条書きや表などを活用して読みやすくしてください。
A4用紙1枚に収まるように作成し、運動会のテーマやスローガン、学校の連絡先を明記してください。",保護者向け文書のたたき台を瞬時に作成できます。,"人物,内容,形式や語調,制約",
es-komu-03,elementary,校務,保護者面談の記録を作成する,"あなたは小学校の教員です。A君の保護者と面談を行いました。以下の面談内容を、今後の指導に活かせるように記録としてまとめてください。
・家庭での様子：毎日元気に過ごしているが、ゲームの時間が長くなりがち。
・学校での様子：友達と仲良く遊んでいるが、授業中の集中力が課題。
・保護者からの要望：宿題への声かけを強めてほしい。
客観的な事実と、教員の所感を分けて記述してください。",面談記録を構造化し、後の振り返りや情報共有を容易にします。,"人物,内容,形式や語調",
es-kokugo-01,elementary,国語,「地域の魅力を伝えよう」のルーブリック作成,"私は、公立小学校で教員です。
担当している小学5年生の生徒たちに書くことの指導をするために、ルーブリックを作成したいと思っています。
単元名は「地域の魅力を伝えよう」です。
小学5年生でもわかるような表現でルーブリックを表形式で作成してください。
評価内容は、「小学校学習指導要領(平成29年告示)」における、該当学年の「書くこと」の指導事項を踏まえて作成してください。",評価基準を明確にし、児童の自己評価を促します。,"人物,内容,形式や語調,制約",
es-kokugo-02,elementary,国語,新出漢字の練習プリントを作成する,"あなたは小学校3年生の担任です。
新出漢字「駅」「橋」「銀」を使った短文作成の練習プリントを作成してください。
児童が楽しく取り組めるように、クイズ形式や穴埋め形式の問題を3問ずつ、合計9問作成してください。
解答もつけてください。",児童が飽きないような多様な形式の漢字練習プリントを作成できます。,"人物,内容,制約",
es-kokugo-03,elementary,国語,物語の続きを創作するアイデア出し,"小学校4年生の国語の授業で、物語「ごんぎつね」の続きを創作する活動を行います。
児童の創作意欲を刺激するような、続きの物語のアイデアを3つの異なるパターンで提案してください。
それぞれのパターンで、ごんが助かっていた場合の展開と、兵十がごんの優しさを知った後の展開を含めてください。",物語の続きを考える授業で、児童の発想を広げるためのヒントを提供します。,"人物,内容,形式や語調",
es-sansu-01,elementary,算数,図形の面積の文章問題を作成,"あなたは小学校5年生の担任です。
算数の「図形の面積」の単元で、児童が楽しく取り組めるような文章問題を作成してください。
身近なもの（例：教室の机、校庭の遊具など）を題材にして、創造性を刺激するような問題にしてください。
問題は3問作成し、それぞれ解答と簡単な解説もつけてください。",児童の興味を引くようなオリジナルの文章問題を作成できます。,"人物,内容,制約",
es-sansu-02,elementary,算数,計算練習ゲームのアイデアを考える,"あなたは小学校の教員です。
低学年の児童が、足し算と引き算の計算に親しめるような、教室でできる簡単なゲームのアイデアを3つ提案してください。
体を使ったり、グループで競ったりするような、遊びの要素を取り入れてください。",計算が苦手な子も楽しめる、アクティブな学習活動のアイデアを得られます。,"人物,内容",
es-sansu-03,elementary,算数,わり算のつまずきポイントを解説する,"あなたは算数専門の教員です。
小学校4年生で学習する「あまりのあるわり算」について、児童が特につまずきやすいポイントを3つ挙げ、それぞれをどのように指導すればよいか、具体的な発問例を交えて解説してください。",児童のつまずきを予測し、効果的な指導法を事前に準備できます。,"人物,内容,形式や語調",
es-rika-01,elementary,理科,天体の授業計画を作成する,"私は小学校6年生の教員です。
理科の天体の授業計画を作成してください。授業時間は45分です。
授業計画には、児童の興味を引くような身近な例を用いた問題、ペアワーク、全体活動、日常生活や他の学習との関連づけ、が含まれるようにしてください。
具体的な発問や指示、児童の反応を想定した時間配分、使用する教材などを詳細に記述してください。",児童の主体的な学びを促す授業案を作成できます。,"人物,内容,制約",
es-rika-02,elementary,理科,自由研究のテーマを提案する,"あなたは小学校の理科担当教員です。
小学5年生が夏休みに行う自由研究のテーマで、家で簡単にできて、かつ科学的な探究心が育つようなテーマを5つ提案してください。
「準備物」「方法」「まとめ方のヒント」をそれぞれ簡潔に示してください。",自由研究のテーマ探しに悩む児童や保護者への具体的なヒントを提供できます。,"人物,内容,制約",
es-rika-03,elementary,理科,植物の観察日記のフォーマット作成,"あなたは小学校3年生の担任です。
理科の授業でアサガオを育てて観察します。児童が観察したことを記録するための「かんさつにっき」のフォーマットを作成してください。
「日付」「天気」「せのたかさ」「はっぱのかず」「きがついたこと」などの項目を設け、低学年の児童でも書きやすいように、イラストを描くスペースも確保してください。",観察の視点を明確にし、児童が記録を取りやすくするためのワークシートを作成できます。,"人物,内容,形式や語調",
es-shakai-01,elementary,社会,歴史上の人物紹介カード作成,"私は小学校6年生の担任です。
社会科の歴史の授業で、児童が「織田信長」について調べるためのワークシートを作成してください。
調べる項目として、「いつの時代の人か」「主な出来事」「性格がわかるエピソード」「現代に残る影響」などを入れてください。
児童がまとめやすいように、イラストを描くスペースも設けてください。",調べ学習用のワークシートを簡単に作成できます。,"人物,内容,形式や語調",
es-shakai-02,elementary,社会,都道府県クイズを作成する,"あなたは社会科の教員です。
小学4年生が日本の都道府県について楽しく学べるような3択クイズを10問作成してください。
各都道府県の特産品、有名な場所、形などをヒントにした問題にしてください。
解答と簡単な解説もつけてください。",授業の導入やまとめで使える、楽しいクイズを簡単に作成できます。,"人物,内容,制約",1
es-shakai-03,elementary,社会,スーパーマーケットの工夫を調べる,"あなたは小学校3年生の担任です。
社会科の「スーパーマーケットではたらく人びと」の学習で、児童がお店の工夫を見つけるためのワークシートを作成してください。
「品物の並べ方」「お客さんを呼び込むための工夫」「働いている人の工夫」という観点で、気づいたことをメモできるような表形式にしてください。",見学学習で児童が目的意識を持って観察するための視点を提供します。,"人物,内容,形式や語調",
es-seikatsu-01,elementary,生活,町探検の計画を立てる,"あなたは小学校2年生の担任です。
生活科の「町たんけん」の授業計画を立てています。
学校の周りにあるお店（パン屋、八百屋など）を探検する計画案を作成してください。
安全に探検するための注意点、インタビューするときの質問例、探検後のまとめ方（絵地図づくりなど）を盛り込んでください。",体験学習の計画を具体的に立てられます。,"人物,内容",
es-seikatsu-02,elementary,生活,生き物観察の視点を教える,"あなたは小学校1年生の担任です。
生活科で、学校の校庭にいる虫や草花などの生き物を観察する活動をします。
児童が生き物を「見つける」だけでなく、「面白さ」を発見できるように、どのような視点で観察すればよいか、やさしい言葉で教えてください。
例：「どこにいるかな？」「どんな形かな？」「どんな色かな？」",低学年の児童に、科学的な観察の第一歩となる「視点」を分かりやすく教えることができます。,"人物,内容,形式や語調,例",
es-seikatsu-03,elementary,生活,昔の遊びを体験する授業計画,"あなたは小学校の教員です。
生活科で、地域の老人会の方々をゲストティーチャーとしてお招きし、「昔の遊び（けん玉、お手玉、あやとりなど）」を教えてもらう交流会を計画しています。
会の流れ（始めの挨拶、遊びの時間、お礼の言葉など）と、児童への事前指導の内容を具体的に作成してください。",世代間交流を目的とした活動の計画をスムーズに立てることができます。,"人物,内容",
es-ongaku-01,elementary,音楽,「魔王」の鑑賞授業の導入部分を作成,"私は小学校6年生の音楽担当です。
シューベルト作曲の「魔王」の鑑賞授業を行います。
児童が曲の世界に入り込めるように、物語の背景や登場人物（語り手、父、子、魔王）について、わくわくするような語り口で説明する導入部分のシナリオを作成してください。
時間は5分程度でお願いします。",鑑賞授業で児童の興味を引きつけるための導入シナリオを作成します。,"人物,内容,形式や語調,制約",
es-ongaku-02,elementary,音楽,リズム遊びのアイデア,"あなたは小学校低学年の音楽担当です。
身近な物の名前（例：りんご、みかん、ばなな）を使って、リズム打ち遊びをするアイデアを3つ提案してください。
手拍子だけでなく、足踏みや楽器（タンバリン、すずなど）を使った活動も取り入れてください。",児童が言葉とリズムを結びつけながら、楽しく音楽の基礎を学べるアクティビティです。,"人物,内容,例",
es-ongaku-03,elementary,音楽,日本の民謡について解説する,"あなたは音楽の専門家として、小学校5年生に日本の民謡「ソーラン節」の魅力を解説します。
「ソーラン節」がどのような場面で歌われてきた歌なのか、その歌詞やリズムにはどのような意味が込められているのかを、小学生にも分かりやすく説明してください。",伝統音楽の背景知識を分かりやすく解説し、児童の文化理解を深める手助けをします。,"人物,内容,形式や語調",
es-zugakousaku-01,elementary,図画工作,自画像の鑑賞文を作成する,"あなたは美術評論家です。小学校4年生の児童が描いた自画像の作品について、良い点を見つけて褒める鑑賞文を作成してください。
以下の特徴を持つ作品です。
・背景が虹色で塗られている
・自分の笑顔を力強い線で描いている
・服の模様を細かく描き込んでいる
専門用語は使わず、児童の創作意欲が高まるような、あたたかい言葉で記述してください。",児童一人ひとりの作品の良さを見つけ、自信を持たせるためのコメントを作成します。,"人物,内容,形式や語調",
es-zugakousaku-02,elementary,図画工作,共同制作のテーマを提案する,"あなたは小学校の図工担当教員です。6年生の卒業制作として、クラス全員で取り組む共同制作を計画しています。
「未来の〇〇」をテーマにした、創造性を刺激するような制作アイデアを3つ提案してください。
例：「未来の学校」「未来の町」「未来の生き物」
それぞれのアイデアについて、使用する材料や制作の進め方も簡単に示してください。",クラスの一体感を高める共同制作の活動アイデアを得られます。,"人物,内容,例",
es-zugakousaku-03,elementary,図画工作,粘土作品の作り方を説明する,"あなたは図工の先生です。小学校1年生に、紙粘土で「すきな動物」を作る方法を説明します。
「まるめる」「のばす」「くっつける」などの基本的な技法を使いながら、ライオンを作る手順を、子供向けのやさしい言葉で、手順ごとに番号を振って説明してください。",低学年の児童にも分かりやすい、具体的な制作手順を作成できます。,"人物,内容,形式や語調",
es-katei-01,elementary,家庭,調理実習の計画案を作成する,"あなたは小学校5年生の家庭科担当教員です。
「ゆで野菜サラダ」を作る調理実習の計画案（45分授業）を作成してください。
「めあて」「準備物」「手順」「片付け」「安全上の注意」の項目を含めて、表形式でまとめてください。",調理実習の段取りや注意点を整理した、分かりやすい計画案を作成できます。,"人物,内容,形式や語調,制約",
es-katei-02,elementary,家庭,整理整頓を促す声かけを考える,"あなたは小学校の教員です。家庭科の授業で「整理整頓」について学習します。
児童が自分の身の回りの整理整頓を、家庭で実践したくなるような、効果的な声かけの言葉を5つ考えてください。
「片付けなさい」という命令口調ではなく、児童の自主性を引き出すようなポジティブな表現にしてください。",児童のやる気を引き出す、教育的な声かけのバリエーションを増やせます。,"人物,内容,形式や語調",
es-katei-03,elementary,家庭,買い物ゲームのシナリオ作成,"あなたは小学校の家庭科担当教員です。5年生を対象に、予算内で献立に必要な材料を買う「買い物ゲーム」を実施します。
「カレーライス」を作る設定で、予算1,000円で4人分の材料を買い揃えるというシナリオを作成してください。
品物のリストと架空の値段表も作成してください。",お金の使い方や計画的な買い物を楽しく学べる、シミュレーション学習の教材を作成できます。,"人物,内容,制約",
es-taiiku-01,elementary,体育,準備運動のメニューを作成する,"あなたは体育の専門家です。小学校中学年の児童向けの、楽しくて怪我予防にもなる準備運動のメニューを作成してください。
5分程度で完了する内容で、動物の動きを真似するような、遊びの要素を取り入れた動きを5つ提案してください。",児童が意欲的に取り組める、楽しい準備運動のアイデアを得られます。,"人物,内容,制約",
es-taiiku-02,elementary,体育,球技が苦手な子への指導法,"あなたはベテランの体育教員です。
ドッジボールが苦手で、ボールを怖がってしまう小学校3年生の児童がいます。
その児童が、少しずつボールに慣れ、楽しめるようになるための段階的な指導ステップを3段階で提案してください。具体的な声かけの例も示してください。",運動が苦手な児童に寄り添い、個々のペースに合わせた指導法を考えられます。,"人物,内容,形式や語調",
es-taiiku-03,elementary,体育,体力テストの結果を分析し、コメントを作成する,"あなたは小学校の担任です。児童の体力テストの結果を分析し、保護者向けの連絡帳に記入するコメントの文例を作成してください。
以下の結果の児童を想定してください。
・A子さん：シャトルランの記録が伸びたが、柔軟性が課題。
ポジティブな側面を強調しつつ、家庭でできる簡単なストレッチなどを提案する形で、2つの文例を作成してください。",個々の児童の体力面の成長と課題を、保護者に分かりやすく伝えるための文例を作成できます。,"人物,内容,形式や語調",
es-doutoku-01,elementary,道徳,道徳の授業での発問を作成する,"あなたはベテランの小学校教員です。
友情をテーマにした道徳の授業（教材：「泣いた赤おに」）で、児童の考えを深めるための中心発問を3つ作成してください。
「登場人物の気持ち」を問うだけでなく、「自分ならどうするか」を考えさせるような、多角的な視点からの発問にしてください。",児童の多面的・多角的な思考を促す、質の高い発問を作成できます。,"人物,内容",
es-doutoku-02,elementary,道徳,「係活動」の価値を伝える話,"あなたは小学校の担任です。学級会で、係活動に意欲的でない児童に向けて、その大切さを伝える話をします。
「係の仕事は、誰かのために役立つことであり、クラスをより良くするために不可欠である」ということを、低学年にも分かるような、たとえ話を交えて説明するシナリオを作成してください。",児童に当事者意識を持たせ、学級活動への主体的な参加を促すための話を作成できます。,"人物,内容,形式や語調",
es-doutoku-03,elementary,道徳,いじめ防止の標語を考える,"あなたは小学校の教員です。
いじめ防止キャンペーンで使う標語のアイデアを、児童と一緒に考えるためのワークシートを作成します。
「ふわふわ言葉（言われて嬉しい言葉）」と「ちくちく言葉（言われて悲しい言葉）」の例を挙げ、それをもとに標語を作るという構成で、児童がアイデアを出しやすいようなワークシートの案を作成してください。",児童が自分たちの言葉でいじめについて考え、主体的に行動するきっかけを作ります。,"人物,内容,形式や語調",
es-sogo-01,elementary,総合,福祉体験学習の事前指導案,"あなたは小学校4年生の担任です。総合的な学習の時間で、地域の高齢者施設を訪問し、交流する活動を行います。
訪問前に、児童が高齢者との関わり方を学べるような事前指導（45分）の計画案を作成してください。
「高齢者とは？」「どのようなことに困っているだろう？」「私たちにできることは？」といったテーマで、児童の考えを引き出す発問を中心に構成してください。",体験活動がより有意義なものになるよう、目的意識を高めるための事前指導を計画できます。,"人物,内容",
es-sogo-02,elementary,総合,地域の安全マップ作りの計画,"あなたは小学校3年生の担任です。総合的な学習の時間で、自分たちが住む地域の「安全マップ」を作成する活動を計画しています。
10時間程度の単元計画案を表形式で作成してください。
「調べる」「まとめる」「発表する」の各段階で、どのような活動を行うか、具体的な内容を示してください。",探究的な学習活動の全体像を捉え、見通しを持った指導計画を作成できます。,"人物,内容,形式や語調,制約",
es-sogo-03,elementary,総合,国際理解教育の導入クイズ作成,"あなたは小学校6年生の担任です。総合的な学習の時間で「世界とつながる私たち」をテーマに学習します。
世界の様々な文化に興味を持たせるための導入として使える「世界のあいさつクイズ」を5問作成してください。
児童が楽しめるように、ヒントや豆知識も加えてください。",児童の知的好奇心を刺激し、学習テーマへの関心を高める導入教材を作成できます。,"人物,内容",
es-tokkatsu-01,elementary,特別活動,学級会の議題を提案する,"あなたは小学校5年生の担任です。
「クラスの絆を深めるために、新しいイベントを企画しよう」というテーマで学級会を行います。
児童から活発な意見が出るように、議題提案の際の導入の言葉と、具体的なイベントのアイデア例（例：クラス球技大会、お楽しみ会など）を3つ、それぞれのメリット・デメリットを添えて作成してください。",学級会を活性化させ、児童の自主的な活動を促すためのたたき台を作成できます。,"人物,内容,形式や語調",
es-tokkatsu-02,elementary,特別活動,1年生を迎える会のシナリオ作成,"あなたは児童会の担当教員です。
「1年生を迎える会」の司会進行シナリオを作成してください。
開会の言葉、学校紹介クイズ、プレゼント贈呈、6年生代表の言葉、校歌斉唱、閉会の言葉など、会の流れに沿って、それぞれの場面で司会が話すセリフを作成してください。
親しみやすく、かつ全校児童に分かりやすい言葉遣いを心がけてください。",学校行事の司会進行シナリオを効率的に作成し、当日のスムーズな運営をサポートします。,"人物,内容,形式や語調",
es-tokkatsu-03,elementary,特別活動,給食当番の仕事ポスターを作成する,"あなたは小学校の教員です。給食当番の仕事の手順を、低学年の児童にも分かりやすく示すためのポスターの文案を作成してください。
「準備」「配膳」「後片付け」の3つのステップに分け、それぞれのステップでやることを、短い言葉とイラスト（例：[白衣を着るイラスト]）で表現する形式で作成してください。",当番活動の手順を視覚的に示し、児童の責任感と自主性を育むための掲示物を作成できます。,"人物,内容,形式や語調",
es-gaikokugo-01,elementary,外国語,英語での自己紹介カードのテンプレート作成,"あなたは小学校6年生の外国語担当です。
児童が英語で自己紹介をするためのワークシートを作成してください。
「Name」「From」「I like ~.」の3つの項目について、自分の情報を書き込めるようにし、書き方の例も示してください。
児童が楽しく取り組めるように、好きなものの絵を描くスペースも設けてください。",外国語活動の基本的な表現を定着させるためのワークシートを簡単に作成できます。,"人物,内容,形式や語調",
es-gaikokugo-02,elementary,外国語,外国語活動のチャンツを考える,"あなたは小学校中学年の外国語担当です。
曜日（Monday, Tuesday, etc.）を覚えるための、楽しいリズムのチャンツ（短い歌）の歌詞を考えてください。
手拍子をしながら、繰り返して言えるような、シンプルで覚えやすいフレーズにしてください。",児童が遊び感覚で英単語に親しめる、リズミカルな教材を作成できます。,"人物,内容",
es-gaikokugo-03,elementary,外国語,ALTとのティームティーチング授業計画,"あなたは小学校5年生の担任です。
ALT（外国語指導助手）と行うティームティーチングの授業（45分）の計画案を作成してください。
単元は「What do you want?」で、お店でのやり取りを扱います。
導入（担任）、展開（ALT中心の活動）、まとめ（担任とALT）など、それぞれの役割分担を明確にした指導案を表形式で作成してください。",ALTとの連携をスムーズにし、効果的なティームティーチングの授業を計画できます。,"人物,内容,形式や語調",
jhs-komu-01,junior-high,校務,生徒との教育相談（面談）の記録を作成する,"あなたは中学校の学級担任です。生徒との定期教育相談を行いました。以下の内容を客観的な事実と、教員の所見に分けて記録としてまとめてください。

# 相談内容
・生徒の氏名：[生徒氏名]
・相談日：[相談日]
・生徒の話した内容：
 - 最近、部活動の練習が厳しく、勉強との両立に悩んでいる。
 - 特に数学の授業についていけなくなりつつあると感じている。
 - 将来は漠然とスポーツに関わる仕事がしたいと思っているが、具体的な進路は決まっていない。

# 指導・助言
 - 部活動の顧問と連携し、練習時間の調整が可能か相談することを提案。
 - 数学の放課後補習への参加を促した。

# 形式
・公式な記録文書として、簡潔かつ明確に記述する。
・「生徒の状況」「課題」「今後の対応」の3つの項目で構成する。",生徒一人ひとりとの面談内容を構造化して記録し、継続的な指導や学年での情報共有に役立てます。,"人物,内容,形式や語調",
jhs-komu-02,junior-high,校務,保護者会資料の作成,"あなたは中学校2学年の学年主任です。
来週開催される保護者会で使用する資料のたたき台を作成してください。
内容は以下の通りです。
1. 最近の生徒たちの学校での様子（学習面・生活面）
2. 今後の主な行事予定（職場体験、合唱コンクール）
3. 家庭での学習習慣の確立に向けたお願い
4. その他（欠席連絡のデジタル化について）
保護者に伝わりやすいように、丁寧な言葉遣いで、各項目を箇条書きでまとめてください。",保護者会資料の構成案を素早く作成し、準備の時間を短縮します。,"人物,内容,形式や語調",
jhs-komu-03,junior-high,校務,校務分掌の改善案を提案する,"あなたは中学校の教務主任です。
現在の校務分掌において、特定の教員に業務が偏っているという課題があります。
業務内容を平準化し、全教員で協力して学校運営に取り組むための改善案を3つ提案してください。
「タスクの可視化」「ICTツールの活用」「定期的な見直し会議の設置」などの観点から、具体的な提案をお願いします。",教員の働き方改革に繋がり、より効率的な学校運営を目指すための具体的な改善策を立案します。,"人物,内容,制約",
jhs-kokugo-01,junior-high,国語,古典作品の面白さを現代語で語る,"あなたは国語の先生です。中学2年生の生徒に、古典作品『枕草子』の面白さを伝えるための導入トークを作成してください。
「春はあけぼの」の一節を引用し、清少納言がどのような視点で日常を切り取っていたのか、その感性の鋭さを、現代の高校生の日常（例：スマホで綺麗な写真を撮る感覚）にたとえながら、親しみやすい口調で説明してください。",古典への苦手意識をなくし、生徒が作品の世界に興味を持つきっかけを作ります。,"人物,内容,形式や語調,例",
jhs-kokugo-02,junior-high,国語,ビブリオバトルの活動計画を作成する,"あなたは中学校の国語科教員です。
読書活動の活性化のため、中学1年生を対象にビブリオバトル（書評合戦）を企画しています。
授業3時間を使った活動計画案を表形式で作成してください。
1時間目：ルール説明と準備、2時間目：クラス内予選、3時間目：クラス代表戦、のように、各時間の活動内容、生徒への指示、評価の観点を具体的に示してください。",生徒の「読む・書く・話す・聞く」能力を総合的に育む、主体的な読書活動を計画できます。,"人物,内容,形式や語調,制約",
jhs-kokugo-03,junior-high,国語,意見文の書き方ワークシートを作成する,"あなたは中学校の国語科教員です。
「校則」をテーマに意見文を書く授業を行います。
生徒が論理的な文章を構成できるように、「主張」「理由・根拠」「反対意見への言及」「結論」の4つの要素を書き込む形式のワークシートを作成してください。
各要素で何を書くべきか、簡単な説明も加えてください。",意見文の基本的な構造を学ばせ、生徒の論理的思考力と文章構成能力を養います。,"人物,内容,形式や語調",
jhs-sugaku-01,junior-high,数学,1次関数のレベル別確認テスト作成,"私は、中学校で数学科の教員です。
1次関数のグラフについて授業を行うときの、確認テストの問題、解答、解説を作成してください。
中学1年生でも親しみやすい表現で作成してください。
時間としては10分ほどです。
難易度を3段階に分けてそれぞれ5問ずつ作成してください。
例：1次関数 y=-3x+6 のグラフとx軸、y軸との交点をそれぞれ求めなさい。",生徒の習熟度に合わせたレベル別の問題を作成できます。,"人物,内容,形式や語調,制約,例",
jhs-sugaku-02,junior-high,数学,数学の面白さを伝える導入,"あなたは中学校の数学科教員です。
図形の「合同」の単元の導入で、生徒が数学の面白さを感じられるような話を紹介してください。
身の回りにある合同な図形（例：タイルの模様、工業製品など）を取り上げ、なぜ合同であることが重要なのかを、対話形式で分かりやすく説明してください。",数学と実社会との繋がりを示し、生徒の学習意欲を引き出す導入を作成できます。,"人物,内容,形式や語調,例",
jhs-sugaku-03,junior-high,数学,証明問題の穴埋めプリント作成,"あなたは中学校の数学科教員です。
「三角形の合同条件」を使った証明問題で、生徒がつまずきやすい部分をサポートするための穴埋め形式の練習プリントを作成してください。
基本的な問題を3問用意し、「仮定」「結論」「証明の根拠」を意識させるような構成にしてください。",証明問題が苦手な生徒の思考を助け、論理的な思考プロセスを定着させるための教材を作成できます。,"人物,内容,形式や語調",
jhs-rika-01,junior-high,理科,化学反応式の練習問題を作成する,"あなたは中学校の理科教員です。
中学2年生で学習する「化学反応式」の練習問題を作成してください。
難易度を「基本」「標準」「応用」の3段階に分け、各レベル3問ずつ、合計9問作成してください。
解答も必ずつけてください。
例：（基本）水素と酸素が反応して水ができる化学反応式を書きなさい。",生徒の習熟度に応じた多様な練習問題を提供し、化学反応式の定着を図ります。,"人物,内容,制約,例",
jhs-rika-02,junior-high,理科,実験の考察を深めるための発問,"あなたは中学校の理科教員です。「唾液の働き」を調べる実験の後、生徒に考察を書かせます。
実験結果から一歩踏み込んで、科学的に思考させるための発問を3つ作成してください。
「なぜその結果になったのか？」「もし〇〇だったら、結果はどう変わるか？」「この実験から、日常生活のどんなことと結びつけられるか？」といった観点でお願いします。",実験を「やるだけ」で終わらせず、結果を多角的に分析・考察する力を養います。,"人物,内容",
jhs-rika-03,junior-high,理科,最新の科学ニュースを解説する,"あなたは科学コミュニケーターです。
最新の科学ニュース（例：ブラックホールの撮影成功、新しいワクチンの開発など）の中から一つ選び、その内容と意義を、科学に興味がない中学生にも分かるように、ユーモアを交えて解説してください。
専門用語は避け、身近なものに例えながら説明してください。",生徒の科学への関心を高め、科学的リテラシーを育むための教材を作成できます。,"人物,内容,形式や語調,例",
jhs-shakai-01,junior-high,社会,歴史上の出来事についてディベートのテーマを作成,"あなたは中学校の社会科教員です。
歴史の授業で「織田信長の政策は、民衆にとって良かったのか？」というテーマでディベートを行います。
肯定側（良かった）と否定側（良くなかった）のそれぞれの立場から主張できる論点を、3つずつ箇条書きで示してください。",歴史的な出来事を多角的に捉え、生徒の批判的思考力を養うディベート活動の準備ができます。,"人物,内容",
jhs-shakai-02,junior-high,社会,地理の白地図活用ワークシート作成,"あなたは中学校の地理担当教員です。
日本の気候区分の学習で活用する、白地図を使ったワークシートを作成してください。
日本の白地図を提示し、6つの気候区分（北海道、太平洋側、日本海側、内陸性、瀬戸内、南西諸島）を色分けさせる指示を出してください。
また、各気候区分の特徴を簡潔にまとめる欄も設けてください。",知識の暗記だけでなく、空間的な認識を伴った地理学習を促す教材を作成できます。,"人物,内容,形式や語調",
jhs-shakai-03,junior-high,社会,公民分野の模擬裁判シナリオ作成,"あなたは中学校の公民担当教員です。
「三権分立」の学習の一環として、模擬裁判を行います。
「スマートフォンのながら運転による物損事故」を題材とした、簡単な裁判のシナリオを作成してください。
登場人物は「裁判官」「検察官」「弁護人」「被告人」「証人」とし、それぞれのセリフの骨子を記述してください。",複雑な社会の仕組みを、ロールプレイングを通して体験的に学ぶための教材を作成できます。,"人物,内容",
jhs-eigo-01,junior-high,英語,英語で自己紹介スピーチの原稿作成,"あなたは中学校の英語教員です。
中学1年生が、ALTの先生に向けて1分程度の自己紹介スピーチをするための、穴埋め形式の原稿テンプレートを作成してください。
「My name is __.」「I like __.」「I want to be a __.」など、基本的な構文を使い、生徒が自分の言葉で埋められるようにしてください。
3つのレベル（基本、標準、挑戦）で文例を提示してください。",英語での発表が初めての生徒でも、安心して取り組めるスピーチ原稿のひな形を作成します。,"人物,内容,形式や語調,制約",
jhs-eigo-02,junior-high,英語,現在完了形の導入アクティビティ,"あなたは中学校の英語教員です。
中学2年生に「現在完了形（経験）」を導入する際に使える、楽しいペアワークのアクティビティを考えてください。
「Have you ever ~?」の形で質問し合い、ビンゴカードを埋めていく「経験ビンゴ」ゲームのルールと、ビンゴカードのマス目に入れるお題（例：seen a famous person, visited a foreign country）を9つ提案してください。",新しい文法項目を、ゲーム形式のアクティビティを通して楽しく、コミュニケーションの中で学ぶことができます。,"人物,内容,例",
jhs-eigo-03,junior-high,英語,英字新聞記事の読解プリント作成,"あなたは中学校の英語教員です。
生徒の読解力を高めるため、短い英字新聞の記事（やさしいレベル）を使ったワークシートを作成します。
以下の指示を含んだワークシートを作成してください。
1. 記事を読んで、タイトルを日本語でつけなさい。
2. Who, When, Where, What, Why を英語で抜き出しなさい。
3. 本文の内容と合うものにはT、合わないものにはFを書きなさい。
4. あなたはこのニュースについてどう思いますか？英語で一文書きなさい。",インプット（読む）とアウトプット（書く）を組み合わせ、読解力と思考力を同時に鍛える教材を作成できます。,"人物,内容",
jhs-bijutsu-01,junior-high,美術,ピカソの「ゲルニカ」の鑑賞授業導入,"あなたは中学校の美術教員です。
ピカソの「ゲルニカ」を鑑賞する授業の冒頭で、生徒の興味を引くための導入トークを5分程度で作成してください。
この絵が描かれた歴史的背景（スペイン内戦）と、絵の中に込められたピカソの反戦のメッセージについて、生徒に問いかける形で、ドラマチックに語りかけるシナリオにしてください。",作品の背景を伝えることで、生徒が表面的に鑑賞するだけでなく、より深く作品を読み解くきっかけを作ります。,"人物,内容,制約,形式や語調",
jhs-bijutsu-02,junior-high,美術,色彩構成のデザイン課題,"あなたは中学校の美術教員です。
「感情を色で表現する」をテーマに、色彩構成のデザイン課題を出します。
「喜び」「悲しみ」「怒り」の3つの感情を、それぞれ15cm四方の画用紙に、色と形だけで表現するという課題設定を作成してください。
使用できる色は「赤・青・黄・白・黒」のみという制約を加えてください。",抽象的なテーマと具体的な制約を設けることで、生徒の創造力と表現力を引き出す課題を作成します。,"人物,内容,制約",
jhs-bijutsu-03,junior-high,美術,自分の作品のコンセプトを説明する文章作成,"あなたは中学校の美術教員です。
生徒が自分の制作した作品（例：風景画）について、コンセプトを説明する文章（150字程度）を書くための指導を行います。
「なぜこの題材を選んだのか」「作品で一番工夫した点はどこか」「何を感じてほしいか」という3つの視点を含めるように、生徒にアドバイスする文章を作成してください。",自分の作品を言語化する練習を通して、生徒の自己評価能力とプレゼンテーション能力を高めます。,"人物,内容,制約",
jhs-hoken-taiiku-01,junior-high,保健体育,救急処置（AED）の授業シナリオ作成,"あなたは中学校の保健体育教員です。
保健の授業で、AEDの使い方を教えるためのロールプレイングのシナリオを作成してください。
「体育館で友人が突然倒れた」という設定で、発見者役、救急連絡役、AEDを取りに行く役など、複数の生徒が協力して人命救助にあたる流れを具体的に記述してください。",緊急時に冷静に行動できるよう、実践的なシナリオを通して救急処置の手順を学ばせます。,"人物,内容",
jhs-hoken-taiiku-02,junior-high,保健体育,生涯スポーツについてのレポート課題,"あなたは中学校の保健体育教員です。
生徒が、生涯にわたって楽しむことができるスポーツについて考えるきっかけとなるような、レポート課題を作成してください。
「自分が将来も続けたい、または挑戦したいスポーツを一つ選び、その魅力や健康への効果、どこで楽しめるかを調べてまとめなさい」というテーマで、レポートの構成例（はじめに、調査内容、まとめ）も示してください。",生徒が自らの健康やライフスタイルについて主体的に考えることを促す、探究的な課題を作成できます。,"人物,内容",
jhs-hoken-taiiku-03,junior-high,保健体育,効果的なウォーミングアップとクールダウン,"あなたはスポーツトレーナーです。
中学生の部活動（バスケットボール部を想定）の練習前後に行うべき、効果的なウォーミングアップとクールダウンのメニューを、それぞれ5種類ずつ提案してください。
怪我の予防とパフォーマンス向上に繋がる具体的なストレッチやドリルを、理由も添えて説明してください。",科学的根拠に基づいたメニューを作成し、生徒の安全で効果的な部活動をサポートします。,"人物,内容",
jhs-gikatei-01,junior-high,技術・家庭,プログラミングで信号機を制御する課題,"あなたは中学校の技術科教員です。
計測・制御プログラミングの授業で、LEDを使って信号機の動きを再現する課題を出します。
「青信号が5秒点灯→青信号が1秒点滅を3回→黄信号が2秒点灯→赤信号が5秒点灯」という一連の動作を、ブロックプログラミングで実現するための手順（アルゴリズム）を、箇条書きで分かりやすく説明してください。",プログラミングの基本的な考え方（順次、反復、分岐）を、身近な題材を通して体験的に学ばせます。,"人物,内容",
jhs-gikatei-02,junior-high,技術・家庭,1週間の献立作成の課題,"あなたは中学校の家庭科教員です。
「家族の健康を考えた1週間の夕食の献立」をテーマに、生徒に課題を出します。
栄養バランス（主食・主菜・副菜）、彩り、予算（1日あたり〇〇円）の3つの条件を考慮して献立を立てるという課題設定を作成してください。
提出は、表形式でまとめるように指示してください。",日常生活に直結した課題を通して、生徒の食生活への関心を高め、計画性や問題解決能力を養います。,"人物,内容,制約",
jhs-gikatei-03,junior-high,技術・家庭,情報モラルについてのディスカッションテーマ,"あなたは中学校の技術科教員です。
情報モラルの授業で、SNSの適切な使い方についてグループディスカッションを行います。
生徒の思考を促すような、具体的な討論のテーマを3つ提案してください。
例：「一度ネットに上げた情報は消せない」ことのリスクとは？、「既読スルー」はなぜ問題になることがあるのか？、SNSでの「友達」と本当の友達の違いは？",生徒が自分事として情報社会の問題を考え、主体的に判断・行動する態度を育むきっかけを作ります。,"人物,内容,例",
jhs-sogo-01,junior-high,総合,職場体験学習のお礼状の書き方,"あなたは中学校の国語教員です。
職場体験学習でお世話になった事業所の方へ、生徒がお礼状を書く際の指導をします。
お礼状の基本的な構成（頭語、時候の挨拶、お礼の言葉、学んだこと、結びの挨拶、結語など）と、各部分で使える丁寧な言葉遣いの文例を示した、分かりやすい手引きを作成してください。",社会人としてのマナーを学ぶ良い機会として、心のこもったお礼状が書けるように指導します。,"人物,内容,形式や語調",
jhs-tokkatsu-01,junior-high,特別活動,高校入試の面接練習（応答の添削）,"あなたは中学校の進路指導担当教員です。
以下の、ある生徒が作成した高校入試の面接応答を添削し、より良い表現にするためのアドバイスをしてください。

# 質問
「中学校生活で一番頑張ったことは何ですか？」

# 生徒の応答
「部活動を頑張りました。練習は大変でしたが、最後まで続けることができました。」

# 指導の観点
・具体的なエピソード（どんな困難があり、どう乗り越えたか）を付け加える。
・その経験から何を学んだかを明確にする。
・より積極的な言葉を選ぶ。",生徒の応答の改善点を具体的に指摘し、自己PRの質を高めるための個別指導を効率化します。,"人物,内容",
jhs-tokkatsu-02,junior-high,特別活動,高校入試の模擬面接官になる（集団面接）,"あなたは高校の入試面接官です。これから、3名の生徒による集団面接のシミュレーションを行います。

# あなたの役割
・〇〇高校の教頭。生徒の協調性やコミュニケーション能力を重視する。

# 面接のテーマ
「チームで何かを成し遂げた経験について」

# 指示
・まず、各生徒に1分間で自己紹介と上記テーマについての発表をさせてください。
・その後、他の生徒の発表を聞いて、感じたことや質問を生徒同士でさせるように促してください。
・最後に、全体のやり取りを見て、協調性や傾聴の姿勢について、各生徒へのフィードバックを生成してください。",集団面接特有の、他者との関わり方やコミュニケーション能力を評価・指導するためのシミュレーションができます。,"人物,内容,形式や語調",
hs-komu-01,high,校務,大学入試改革に関する保護者向け説明会資料,"あなたは高校の進路指導主事です。
新しい大学入試制度について、高校1年生の保護者向けの説明会資料の骨子を作成してください。
「これまでの入試との違い」「『学力の3要素』とは何か」「家庭でサポートできること」の3部構成で、専門用語を避け、分かりやすく説明する内容にしてください。",複雑な入試制度について、保護者の不安を解消し、理解を促すための説明会資料を効率的に作成できます。,"人物,内容,形式や語調",
hs-komu-02,high,校務,不登校傾向の生徒に関するケース会議の議題作成,"あなたは高校の学年主任です。
不登校傾向にある生徒Aさんに関するケース会議を開催します。関係教職員（担任、養護教諭、スクールカウンセラー、部活顧問）が建設的な議論を行えるように、会議の議題（アジェンダ）を作成してください。
「現状の共有（学習面・生活面）」「考えられる背景・要因」「今後の支援体制（学校・家庭）」「役割分担」の項目を立てて整理してください。",関係者間での情報共有と連携を密にし、生徒への組織的な支援体制を構築するための会議準備ができます。,"人物,内容",
hs-komu-03,high,校務,学校評価アンケートの結果を分析し、改善策を提案する,"あなたは高校の校長です。
生徒・保護者から実施した学校評価アンケートの結果を以下に示します。この結果を分析し、来年度に向けた学校運営の改善策を3点、具体的なアクションプランと共に提案してください。

# アンケート結果（抜粋）
・満足度が高い項目：「友人関係」「部活動」
・満足度が低い項目：「進路指導の充実度」「ICT環境の整備」「授業の分かりやすさ」",客観的なデータに基づいた学校課題の分析と、具体的な改善策の立案をサポートします。,"人物,内容",
hs-kokugo-01,high,国語,小論文のテーマに対するブレインストーミング,"あなたは小論文指導の専門家です。
「AIの進化は、人間の仕事を奪うか」という小論文のテーマについて、肯定・否定の両方の立場から、論点をブレインストーミングしてください。
それぞれの立場で、主張の根拠となる具体例（社会、経済、文化の側面から）を3つ以上挙げてください。",小論文作成の初期段階で、多角的な視点からアイデアを広げ、論の骨子を固める手助けをします。,"人物,内容",
hs-kokugo-02,high,国語,文学作品のテーマを現代社会と結びつける,"あなたは高校の国語教員です。
夏目漱石の『こころ』を読んだ生徒に対し、作品のテーマである「近代的な個人主義と孤独」を、現代のSNS社会における人間関係の問題と結びつけて考察させるための発問を作成してください。
「先生が感じた孤独と、私たちがSNSで感じる『つながり疲れ』や孤独感の共通点と相違点は何か？」といった、生徒が自分事として考えられる問いを3つ作成してください。",古典的な文学作品のテーマを現代的な視点から再解釈させ、生徒の思考力と読解力を深めます。,"人物,内容",
hs-kokugo-03,high,国語,主権者教育としての模擬選挙演説の作成,"あなたは国語表現の担当教員です。
主権者教育の一環として、模擬選挙の立候補者演説を作成する課題を出します。
架空の政党「未来創造党」の高校生代表として、「若者の投票率向上」をテーマに、同世代の心に響く3分程度の演説原稿を作成してください。
具体的な政策（例：被選挙権年齢の引き下げ、SNSを活用した政治情報の提供）を盛り込み、情熱的で説得力のある語り口にしてください。",言語活動を通して、生徒の政治参加への意識を高め、表現力と論理的思考力を育成します。,"人物,内容,制約,形式や語調",
hs-sugaku-01,high,数学,数学的探究活動のテーマ提案,"あなたは高校の数学科教員です。
「数学II」の範囲で、生徒が主体的に取り組める数学的探究活動のテーマを3つ提案してください。
「身の回りの現象（例：感染症の拡大モデル）を指数関数で表現する」「フラクタル図形の性質を調べる」「暗号理論と整数の性質」など、生徒の知的好奇心を刺激するテーマを、探究の進め方の例と共に示してください。",生徒の探究心を引き出し、数学の有用性や面白さを実感させるような探究活動のテーマを見つけます。,"人物,内容,例",
hs-sugaku-02,high,数学,共通テスト数学の過去問を分析・解説する,"あなたは予備校のカリスマ数学講師です。
以下の共通テスト数学I・Aの問題を分析し、正解への道筋だけでなく、つまずきやすいポイントや、背景にある数学的な考え方について、生徒に語りかけるような親しみやすい口調で解説してください。

（ここに問題文を貼り付け）",単なる問題解説に留まらず、生徒の数学的な思考力を根本から鍛えるための質の高い解説を作成できます。,"人物,内容,形式や語調",
hs-sugaku-03,high,数学,ベクトルの概念を物理現象で説明する,"あなたは高校の数学教員です。
数学Bで学習する「ベクトル」の概念が苦手な生徒のために、物理現象（例：川を船で渡る、力の合成）を用いて、ベクトルの有用性を直感的に理解させるための説明を作成してください。
図を描くように、矢印を使いながら視覚的に分かりやすく説明してください。",抽象的な数学の概念を、具体的な事象と結びつけることで、生徒の理解を助けます。,"人物,内容,例",
hs-eigo-01,high,英語,年間指導計画を作成する,"あなたは高校の先生です。学習指導要領に沿って、英語の年間指導計画を作ってください。
生徒のアウトプット活動と、グループ活動を多く取り入れ、楽しく学力を身につけられるような工夫をしてください。",学習指導要領に沿った計画を効率的に作成できます。,"人物,内容",
hs-eigo-02,high,英語,英語ディベートのテーマを提案する,"あなたは高校の英語科教員です。
授業で英語ディベートを行います。生徒が賛成・反対の両方の立場で議論しやすいテーマを5つ提案してください。
社会問題や学校生活に関連した、生徒にとって身近で考えさせられるテーマを選んでください。
例：「Should the voting age be lowered to 16?」",生徒の思考力や表現力を高める、質の高いディベートテーマを複数得ることができます。,"人物,内容,例",
hs-eigo-03,high,英語,英文ニュース記事の要約と語彙リスト作成,"あなたは高校の英語科教員です。
以下の英文ニュース記事を、高校生が理解できるように、150語程度の英語で要約してください。
また、記事の中から重要だと思われる英単語を10個選び、意味と例文をつけた語彙リストを作成してください。

（ここに英文記事を貼り付け）",時事英語の教材を効率的に作成できます。長文読解力の向上と語彙力強化を同時に行えます。,"人物,内容,制約",
hs-tankyu-01,high,探究,探究活動のテーマ設定のためのワークシート,"あなたは高校の探究活動担当教員です。
生徒が自分の興味・関心から探究テーマを見つけられるようにするためのワークシートを作成してください。
「好きなこと」「気になる社会問題」「なぜ？と思った経験」の3つの切り口からアイデアを書き出し、それらを組み合わせて仮のテーマを設定するという流れで、生徒の思考を促す構成にしてください。",探究活動の第一歩であるテーマ設定で、生徒が主体的に課題を発見できるようサポートします。,"人物,内容",
hs-tokkatsu-01,high,特別活動,大学推薦入試の模擬面接官になる（個人面接）,"あなたは大学の入試面接官です。これから、〇〇大学教育学部を志望する高校3年生の生徒と模擬面接を行います。

# あなたの役割
・〇〇大学教育学部の教授。専門は教育心理学。
・生徒の教育に対する情熱と、論理的思考力、コミュニケーション能力を見極めたい。
・圧迫面接ではなく、生徒の考えを深く引き出すような質問を心がける。

# 生徒の情報
・志望理由：子供たちの可能性を引き出す小学校教員になりたい。
・自己PR：高校ではボランティア部に所属し、地域の子供たちと交流してきた。
・最近関心のあるニュース：教員の働き方改革

# 指示
・上記の役割と生徒情報に基づき、模擬面接官として深掘りする質問を5つ作成してください。
・質問の意図も簡潔に添えてください。
・面接の最後に、生徒へのフィードバック（良かった点と改善点）も生成してください。",AIを面接官役として活用し、生徒が本番さながらの緊張感で、想定問答集の丸暗記では対応できない対話形式の面接練習を行えるようにします。,"人物,内容,制約,形式や語調",
hs-tokkatsu-02,high,特別活動,進路面談で生徒の考えを引き出す,"あなたは高校の進路指導担当教員です。
まだ具体的な進路希望が決まっていない高校2年生の生徒との面談で、生徒が自分の将来について考えるきっかけを作るための、効果的な質問を5つ作成してください。
「YES/NOで答えられないオープンクエスチョン」を意識し、「もし、何にでもなれるとしたら？」「どんな時にやりがいを感じる？」など、生徒の内面を引き出すような問いかけにしてください。",画一的な指導ではなく、生徒一人ひとりの興味や価値観に寄り添った、対話的な進路面談の質を高めます。,"人物,内容,形式や語調",
hs-tankyu-02,high,探究,研究計画書の添削とアドバイス,"あなたは大学の研究者です。
高校生が作成した以下の研究計画書を読み、専門家の視点から改善点を具体的に指摘してください。

# 研究計画書
・テーマ：地元の川の水質調査
・研究の動機：川が汚れている気がしたから。
・研究方法：川の水を汲んてきて、見た目や匂いを調べる。

# 指導の観点
・研究背景と目的の明確化（先行研究の調査）
・問いの具体化（何を明らかにしたいのか）
・調査方法の妥当性（客観的な指標、比較対象の設定）
・研究倫理への配慮",探究活動の質を大きく左右する研究計画書に対して、専門的な視点から具体的な改善アドバイスを行い、生徒の研究レベルを引き上げます。,"人物,内容",
外﨑顯博,elementary,社会,子供の気づき・疑問分析プロンプト,"あなたは小学校社会科教育の専門家です。子供たちの気づきや疑問を分析し、効果的な学習問題の設定と授業展開を提案してください。

## 分析対象の情報
**学年**：[○年生]
**単元名**：[単元名を入力]
**授業の文脈**：[前時までの学習内容や活動]

**子供たちの発言・気づき・疑問**：
[ここに子供たちの実際の発言や気づき、疑問を入力してください]

## 分析の観点
以下の観点で分析してください：

### 1. 発言の分類と整理
- **事実に関する気づき**：観察や資料から得た具体的事実
- **比較・関連付けの気づき**：違いや共通点、関係性への気づき
- **疑問・課題意識**：「なぜ？」「どうして？」という探究的な問い
- **価値判断・評価**：良い/悪い、賛成/反対などの判断

### 2. 学習の深まりの可能性
- 単元の本質的な問いにつながる発言
- 多面的・多角的な思考を促す可能性のある疑問
- 子供同士の対話を生み出しそうな論点
- さらなる調べ学習や体験活動につながる要素

### 3. 発達段階との適合性
- 該当学年の認知発達レベルに適した内容か
- 学習指導要領の目標・内容との関連
- 既習事項との接続可能性

## 提案してほしい内容

### A. 学習問題の設定案
- 子供の気づきを基にした魅力的な学習問題を3つ提案
- それぞれの問題設定の根拠と期待される学習効果

### B. 授業展開のアイデア
- 気づきや疑問を活かした具体的な活動案
- 対話を促進する発問例
- 使用できる資料や教材の提案

### C. 評価の観点
- この単元で重視すべき評価規準
- 子供の思考の変容を捉える方法

### D. 注意点・配慮事項
- 誤概念や偏見につながる可能性がある発言への対応
- 多様な立場や価値観への配慮
- 個別支援が必要そうな子供への手立て

## 出力形式
教師が授業で活用しやすいよう、具体的で実践的な提案をお願いします。",子どもの気づきや疑問を分析し、次の授業を練るために役立ちます。,"人物,内容,制約,例",
外﨑顯博,elementary,総合,探究のアドバイス,"#あなたは探究の専門家です。

#Task
子どもの振り返りをもとに、今後の探究の見通しがもてるようなアドバイスを教師に向けてのものと、子どもに向けてのものを作成してください。

#制約と要望
子どもの振り返りに対して答えを直接伝えてはいけません。
あくまでも探究のアドバイザーとして役に徹してください。
Aについて知りたいならBについて調べてみるといいと思うよ。
などのアドバイスがほしいです。

#ここに子どもの振り返りを入力

",子ども主体の探究的な学習を促す,"人物,内容,制約",
komu-reflection-01,elementary,校務,授業リフレクション支援（小学校）,"あなたは小学校教育の専門家です。
以下の授業実践について、児童の発達段階を考慮したリフレクションをサポートしてください。

# 授業情報
・教科・科目：[教科名]
・学年：[学年]
・単元名：[単元名]
・授業のねらい：[ねらい]

# 授業の実際
・導入の工夫：[具体的内容]
・展開での児童の反応：[児童の様子]
・まとめでの達成状況：[評価]
・気になった点：[課題や疑問]

# リフレクションの観点
以下の観点から分析し、改善提案をしてください：
1. 児童の興味・関心の引き出し方
2. 具体的操作活動の効果性
3. 言語活動の充実度
4. 個別支援の適切性
5. 次時への意欲づけ

小学校の特性を踏まえた、具体的で実践可能な改善案を3つ提示してください。",小学校の授業後の振り返りを構造化し、児童の発達段階に応じた授業改善につなげる具体的なアドバイスを得られます。,"人物,内容,制約",
komu-reflection-02,junior-high,校務,授業リフレクション支援（中学校）,"あなたは中学校教育の専門家です。
以下の授業実践について、生徒の思春期の特性を考慮したリフレクションをサポートしてください。

# 授業情報
・教科・科目：[教科名]
・学年：[学年]
・単元名：[単元名]
・授業のねらい：[ねらい]

# 授業の実際
・導入の工夫：[具体的内容]
・展開での生徒の反応：[生徒の様子]
・まとめでの達成状況：[評価]
・気になった点：[課題や疑問]

# リフレクションの観点
以下の観点から分析し、改善提案をしてください：
1. 生徒の主体的な学習参加の促進
2. 協働的な学びの質
3. 思考力・判断力・表現力の育成
4. 将来との関連づけ
5. 個性や多様性への配慮

中学生の特性を踏まえた、具体的で実践可能な改善案を3つ提示してください。",中学校の授業後の振り返りを構造化し、思春期の生徒の特性に応じた授業改善につなげる具体的なアドバイスを得られます。,"人物,内容,制約",
komu-reflection-03,high,校務,授業リフレクション支援（高等学校）,"あなたは高等学校教育の専門家です。
以下の授業実践について、進路実現と社会参画を見据えたリフレクションをサポートしてください。

# 授業情報
・教科・科目：[教科名]
・学年：[学年]
・単元名：[単元名]
・授業のねらい：[ねらい]

# 授業の実際
・導入の工夫：[具体的内容]
・展開での生徒の反応：[生徒の様子]
・まとめでの達成状況：[評価]
・気になった点：[課題や疑問]

# リフレクションの観点
以下の観点から分析し、改善提案をしてください：
1. 深い学びの実現度
2. 探究的な学習活動の質
3. 実社会との関連性
4. 進路選択への寄与
5. 主権者としての資質育成

高校生の特性を踏まえた、具体的で実践可能な改善案を3つ提示してください。",高等学校の授業後の振り返りを構造化し、進路実現と社会参画を見据えた授業改善につなげる具体的なアドバイスを得られます。,"人物,内容,制約",
komu-evaluation-01,elementary,校務,パフォーマンス評価ルーブリック作成（小学校）,"あなたは小学校の教育評価専門家です。
以下の学習活動に対する、児童にも分かりやすいパフォーマンス評価のルーブリックを作成してください。

# 評価対象の活動
・教科：[教科名]
・学年：[学年]
・活動内容：[具体的な学習活動や課題]
・評価の観点：[知識・技能、思考・判断・表現、主体的に学習に取り組む態度]

# ルーブリック作成の条件
・評価段階：4段階（よくできた、できた、もう少し、がんばろう）
・児童が理解しやすい具体的な言葉での記述
・「〜している」「〜できる」などの行動で表現
・イラストや図で説明できる内容
・自己評価にも活用できる分かりやすさ

表形式で見やすく整理し、児童への説明方法も併記してください。",小学校の児童にも理解しやすく、自己評価にも活用できるパフォーマンス評価ルーブリックを効率的に作成できます。,"人物,内容,制約,形式や語調",
komu-parent-01,elementary,校務,保護者対応メール文案作成（小学校）,"あなたは小学校の教員です。
以下の状況について、保護者への連絡メールの文案を作成してください。

# 連絡内容
・件名：[連絡事項の要約]
・対象児童：[児童の状況や背景]
・連絡の目的：[情報共有・相談・お願い・報告など]
・具体的な内容：[詳細な状況や対応内容]
・保護者への依頼事項：[ある場合は具体的に]

# メール作成の条件
・親しみやすく温かい語調
・児童の良い面を必ず含める
・家庭と学校の連携を重視
・具体的で分かりやすい説明
・今後の見通しを示す
・感謝の気持ちを表現

小学校保護者との信頼関係を深める、温かみのあるメール形式で作成してください。",小学校の保護者との良好な関係を維持しながら、児童の成長を共に支える適切な情報共有ができるメール文案を作成できます。,"人物,内容,制約,形式や語調",
kokugo-reading-01,elementary,国語,読解力向上のための発問作成,"あなたは小学校国語科の専門家です。
以下の文学作品について、児童の読解力を段階的に向上させる発問を作成してください。

# 作品情報
・作品名：[作品名]
・学年：[学年]
・ジャンル：[物語、説明文、詩など]
・学習のねらい：[この教材で育てたい力]

# 発問作成の観点
1. 叙述に即して内容を捉える力
2. 文章の構造や表現の効果を理解する力
3. 文章を読んで感じたり考えたりする力
4. 目的に応じて文章を読む力

# 発問の種類
・導入発問（興味・関心を引く）
・展開発問（読みを深める）
・終末発問（まとめ・発展させる）

各段階で2〜3問ずつ、計8問程度の発問と、その意図・期待される反応も示してください。",文学作品や説明文の読解指導で、児童の思考を深め、読解力を体系的に育成する効果的な発問を作成できます。,"人物,内容,形式や語調",
kokugo-writing-01,junior-high,国語,小論文指導ステップ作成,"あなたは中学校国語科の小論文指導専門家です。
以下のテーマについて、生徒が論理的で説得力のある小論文を書けるようになる段階的指導プランを作成してください。

# 小論文テーマ
・テーマ：[具体的なテーマ]
・字数：[400字、600字、800字など]
・対象学年：[中学1〜3年]
・関連教科：[社会、理科、道徳など]

# 指導ステップ
1. テーマ理解と論点整理
2. 資料収集と根拠の選定
3. 構成の組み立て
4. 下書きと推敲
5. 完成と相互評価

# 各ステップの内容
・具体的な活動内容
・指導のポイント
・つまずきやすい点と対応
・評価の観点

生徒が段階的にスキルを身につけられる、4〜5時間の指導計画を提示してください。",中学生が論理的思考力と表現力を身につけ、説得力のある小論文を書けるようになる段階的な指導プランを作成できます。,"人物,内容,制約",
kokugo-classical-01,high,国語,古典作品現代語訳比較分析,"あなたは高等学校国語科の古典専門家です。
以下の古典作品について、複数の現代語訳を比較分析し、生徒の古典理解を深める教材を作成してください。

# 作品情報
・作品名：[源氏物語、枕草子、徒然草など]
・該当箇所：[具体的な章段や場面]
・学習目標：[古典の特色理解、現代とのつながりなど]

# 比較分析の観点
1. 語彙・表現の違い
2. 文体・語調の特徴
3. 解釈の相違点
4. 現代読者への配慮
5. 作品の魅力の伝え方

# 教材の構成
・原文の提示
・3つの現代語訳の比較表
・分析のポイント解説
・生徒への発問例
・発展学習への展開

古典の面白さを現代の高校生に伝える、魅力的な教材を作成してください。",古典作品の多様な現代語訳を比較することで、古典の豊かさと現代性を理解し、古典への興味を深める教材を作成できます。,"人物,内容,制約",
sansu-problem-solving-01,elementary,算数,問題解決型授業プラン作成,"あなたは小学校算数科の専門家です。
以下の単元について、児童が主体的に問題解決に取り組む授業プランを作成してください。

# 単元情報
・単元名：[単元名]
・学年：[学年]
・既習事項：[これまでに学習した内容]
・本時のねらい：[この授業で身につけさせたい力]

# 問題解決のプロセス
1. 問題把握（課題発見）
2. 見通し・計画（解決方法の予想）
3. 自力解決（個人思考）
4. 集団思考（話し合い活動）
5. まとめ・振り返り

# 授業プランの要素
・導入の工夫（問題提示方法）
・操作活動や具体物の活用
・多様な解法の引き出し方
・算数的表現力の育成
・評価の工夫

45分授業の詳細な展開案を、児童の反応も含めて提示してください。",児童が算数の面白さを実感し、主体的に問題解決に取り組む力を育む授業プランを体系的に作成できます。,"人物,内容,制約",
sugaku-proof-01,junior-high,数学,証明指導段階別プラン,"あなたは中学校数学科の図形・証明指導専門家です。
証明が苦手な生徒が段階的に証明の書き方を身につけられる指導プランを作成してください。

# 対象と内容
・学年：[中学2年または3年]
・証明の種類：[合同、相似、平行線など]
・生徒の状況：[証明に苦手意識がある]

# 段階別指導プラン
【第1段階】証明の構造理解
・仮定と結論の区別
・根拠となる性質の確認
・証明の流れの理解

【第2段階】穴埋め証明
・部分的な証明の完成
・理由の選択と記述
・論理的な繋がりの確認

【第3段階】自力証明
・完全な証明の作成
・表現の工夫
・相互チェック

各段階での具体的な教材例、指導のポイント、評価方法を詳しく示してください。",証明に苦手意識を持つ生徒が、段階的に論理的思考力と証明技能を身につけられる体系的な指導プランを作成できます。,"人物,内容,制約",
sugaku-application-01,high,数学,数学と実社会つながり教材作成,"あなたは高等学校数学科の専門家です。
以下の数学概念について、実社会での活用例を示し、生徒が数学の有用性を実感できる教材を作成してください。

# 数学概念
・分野：[数学I、II、III、A、B、Cから選択]
・具体的な内容：[関数、確率、ベクトルなど]
・学習時期：[高校1〜3年]

# 実社会との関連例
1. 身近な事例（日常生活での活用）
2. 職業での活用（具体的な職種と使用場面）
3. 社会問題の解決（環境、経済、技術など）
4. 最新技術への応用（AI、データサイエンスなど）

# 教材の構成
・導入（興味を引く実例）
・数学的モデル化
・計算・解析過程
・結果の解釈と活用
・発展課題

生徒が「数学って役に立つんだ」と実感できる魅力的な教材を作成してください。",高校数学の抽象的な概念と実社会での活用を結びつけ、生徒が数学の価値と有用性を実感できる教材を作成できます。,"人物,内容,制約",
rika-observation-01,elementary,理科,観察・実験活動計画作成,"あなたは小学校理科の専門家です。
以下の学習内容について、児童が科学的思考力を身につける観察・実験活動計画を作成してください。

# 学習内容
・単元名：[単元名]
・学年：[学年]
・観察・実験の種類：[植物観察、化学変化、物理現象など]
・育てたい科学的な見方・考え方：[具体的に]

# 活動計画の構成
1. 課題設定（なぜ？どうして？の疑問から）
2. 予想・仮説（根拠を含む）
3. 実験計画（方法・条件設定）
4. 観察・実験の実施
5. 結果の整理と考察
6. 結論と新たな疑問

# 指導のポイント
・安全指導の徹底
・器具・教材の効果的活用
・個別支援の工夫
・記録・表現方法の指導
・学習の価値づけ

児童が主体的に自然事象に関わり、科学的に探究する力を育む計画を作成してください。",小学校理科で児童が自然事象に主体的に関わり、観察・実験を通して科学的思考力を身につける活動計画を体系的に作成できます。,"人物,内容,制約",
rika-inquiry-01,junior-high,理科,探究的学習プログラム設計,"あなたは中学校理科の探究学習専門家です。
以下のテーマについて、生徒が科学的探究プロセスを体験できる学習プログラムを設計してください。

# 探究テーマ
・分野：[物理、化学、生物、地学]
・具体的テーマ：[環境問題、エネルギー、生命現象など]
・期間：[2〜4週間程度]
・関連単元：[既習・未習内容]

# 探究プロセス
1. 課題の発見・設定
2. 情報収集・文献調査
3. 仮説の設定
4. 実験・調査の計画
5. データ収集・分析
6. 考察・結論
7. 発表・共有

# プログラムの特徴
・STEAM教育との関連
・ICT活用の工夫
・地域・社会との連携
・評価方法の設計
・個別最適化の支援

生徒が科学者のように探究し、21世紀型スキルを身につけるプログラムを設計してください。",中学校理科で生徒が科学的探究の楽しさを体験し、科学的リテラシーと問題解決能力を育む探究学習プログラムを設計できます。,"人物,内容,制約",
rika-experiment-design-01,high,理科,課題研究テーマ設定支援,"あなたは高等学校理科の課題研究指導専門家です。
生徒の興味・関心から出発して、実現可能で教育的価値の高い課題研究テーマを設定する支援を行ってください。

# 生徒の情報
・学年：[高校1〜3年]
・興味のある分野：[物理、化学、生物、地学]
・関心のあるトピック：[具体的な現象や問題]
・研究期間：[3ヶ月〜1年]
・利用可能な設備・環境：[学校、地域の施設など]

# テーマ設定の観点
1. 研究の意義・新規性
2. 実現可能性（時間・設備・技術）
3. 安全性の確保
4. 定量的評価の可能性
5. 社会貢献への展望

# 支援内容
・研究テーマの絞り込み
・研究計画の立案
・研究方法の選定
・予想される困難と対策
・成果発表の方法
・進路との関連

高校生が本格的な科学研究を体験し、将来の進路選択にもつながるテーマ設定を支援してください。",高校生が自らの興味・関心から科学的な課題研究に取り組み、研究スキルと科学的思考力を身につけるテーマ設定を効果的に支援できます。,"人物,内容,制約",
shakai-local-study-01,elementary,社会,地域学習プログラム作成,"あなたは小学校社会科の地域学習専門家です。
児童が自分の住む地域に愛着と誇りを持てるような地域学習プログラムを作成してください。

# 地域情報
・学校所在地：[都道府県・市町村]
・学年：[3年または4年]
・地域の特色：[産業、歴史、文化、自然など]
・活用可能な地域資源：[施設、人材、行事など]

# プログラムの構成
1. 地域への気づき（身近な疑問から）
2. 地域調べ（フィールドワーク）
3. 地域の人との交流（インタビュー）
4. 地域の良さの発見
5. 地域への提案・貢献

# 学習活動の工夫
・ICTを活用した情報収集
・地域マップの作成
・地域の方をゲストティーチャーに
・他地域との比較
・発信・交流活動

児童が地域社会の一員としての自覚を持ち、地域を愛する心を育むプログラムを作成してください。",児童が地域の特色や良さを発見し、地域社会の一員としての自覚と愛郷心を育む地域学習プログラムを体系的に作成できます。,"人物,内容,制約",
shakai-historical-thinking-01,junior-high,社会,歴史的思考力育成授業案,"あなたは中学校社会科（歴史分野）の専門家です。
以下の歴史的事象について、生徒が歴史的思考力を身につける授業案を作成してください。

# 学習内容
・時代・事象：[古代〜現代の具体的な出来事]
・学年：[中学1〜3年]
・関連する歴史的概念：[因果関係、時代区分、歴史の解釈など]
・活用する史料：[文書、絵画、地図、統計など]

# 歴史的思考力の要素
1. 年代・時代の把握
2. 歴史的事象の相互関連
3. 因果関係の理解
4. 歴史的意義の考察
5. 多面的・多角的な解釈

# 授業の展開
・問いの設定（なぜ？どうして？）
・史料を活用した読み取り活動
・話し合い・討論活動
・歴史的解釈の形成
・現代とのつながり

生徒が歴史を暗記ではなく「考える」楽しさを味わい、歴史的思考力を身につける授業案を作成してください。",中学校歴史学習で、生徒が史料を活用して歴史的事象を多面的に考察し、歴史的思考力と判断力を身につける授業を設計できます。,"人物,内容,制約",
shakai-citizenship-01,high,社会,主権者教育プログラム設計,"あなたは高等学校公民科の主権者教育専門家です。
高校生が民主主義社会の担い手としての資質・能力を身につける主権者教育プログラムを設計してください。

# プログラムの対象
・学年：[高校1〜3年]
・科目：[公共、政治・経済など]
・期間：[2〜3ヶ月程度]
・地域の特色：[選挙の実情、地方政治の課題など]

# 育成する資質・能力
1. 政治的教養（制度・仕組みの理解）
2. 批判的思考力（情報の読み取り・判断）
3. 合意形成能力（対話・協議）
4. 政治参加への意欲（当事者意識）
5. 多様性の尊重（価値観の違いの理解）

# プログラムの内容
・模擬選挙・模擬議会
・政策提案活動
・地域課題の調査・分析
・討論・ディベート
・実際の政治参加体験

高校生が将来の有権者として、また民主社会の担い手として必要な資質を身につけるプログラムを設計してください。",高校生が民主主義社会の一員として必要な政治的教養と参加意識を身につけ、主権者としての資質・能力を育む教育プログラムを設計できます。,"人物,内容,制約",
eigo-communication-01,elementary,外国語,小学校英語コミュニケーション活動案,"あなたは小学校外国語活動・外国語科の専門家です。
以下の内容について、児童が楽しみながら英語でコミュニケーションを図る活動案を作成してください。

# 授業設定
・学年：[5年または6年]
・単元名：[We Can!、Here We Go!の該当単元]
・主な表現：[使用する英語表現]
・語彙：[新出・既習単語]
・時間：[45分授業]

# コミュニケーション活動の要素
1. 必然性のある場面設定
2. 相手意識を持った活動
3. 即興的なやり取り
4. 内容重視のコミュニケーション
5. 成功体験の積み重ね

# 活動案の構成
・ウォームアップ（雰囲気づくり）
・インプット活動（聞く・話す）
・アウトプット活動（やり取り・発表）
・振り返り（英語学習への意欲）

児童が「英語でコミュニケーションできた！」という達成感を味わえる活動案を作成してください。",小学校外国語学習で、児童が英語を使ったコミュニケーションの楽しさを体験し、積極的に英語を使おうとする態度を育む活動を作成できます。,"人物,内容,制約",
eigo-integrated-skills-01,junior-high,英語,4技能統合型授業プラン,"あなたは中学校英語科の専門家です。
以下の内容について、4技能（聞く・読む・話す・書く）を統合的に活用する授業プランを作成してください。

# 授業設定
・学年：[中学1〜3年]
・教材：[教科書の該当課または関連教材]
・文法事項：[現在完了、受動態など]
・テーマ：[文化、環境、将来の夢など]
・時間：[50分授業または複数時間]

# 4技能統合の観点
1. リスニング→スピーキング
2. リーディング→ライティング
3. 技能を組み合わせた活動
4. 実際のコミュニケーション場面
5. 意味のある言語使用

# 授業の流れ
・導入（興味・関心の喚起）
・インプット活動（聞く・読む）
・インテイク活動（理解の確認）
・アウトプット活動（話す・書く）
・まとめ・振り返り

生徒が英語を総合的に使いこなす力を身につける授業プランを作成してください。",中学校英語学習で、4技能を有機的に関連づけながら、実際のコミュニケーション場面で英語を使いこなす総合的な言語能力を育成できます。,"人物,内容,制約",
eigo-academic-preparation-01,high,英語,大学入試対応読解指導案,"あなたは高等学校英語科の大学入試指導専門家です。
以下の条件で、大学入試に対応できる読解力を効果的に育成する指導案を作成してください。

# 指導設定
・対象：[高校2〜3年]
・科目：[英語コミュニケーション、論理・表現など]
・文章の種類：[評論、小説、エッセイ、グラフ読み取りなど]
・語彙レベル：[4000〜6000語程度]
・期間：[3〜6ヶ月]

# 育成する読解スキル
1. 速読・精読の使い分け
2. 文章構造の把握
3. 論理関係の理解
4. 文脈からの語彙推測
5. 批判的読解

# 指導の段階
・基礎力養成（語彙・文法の定着）
・技能訓練（読解ストラテジー）
・実践演習（過去問・予想問題）
・総合力完成（時間内解答）

大学入試突破だけでなく、生涯にわたって英語を読み続ける力を育む指導案を作成してください。",高校生が大学入試に必要な英語読解力を効率的に身につけながら、生涯学習の基盤となる英語力を育成する指導プランを作成できます。,"人物,内容,制約",
img-rubric-analysis-01,elementary,国語,A評価作品分析ルーブリック作成（小学校国語）,"あなたは小学校国語科の評価専門家です。
添付した画像は、小学校国語の作文課題で「A評価（十分満足できる）」と判定された児童の作品です。
この作品を分析して、同じ課題に対するルーブリックを作成してください。

# 作品情報
・学年：[学年を入力]
・課題名：[作文のテーマ・種類]
・評価の観点：[知識・技能、思考・判断・表現、主体的な態度]
・作文の種類：[日記、感想文、説明文、物語など]

# 分析の観点
1. 内容・構成の充実度
2. 表現技法・語彙の豊かさ
3. 文章構成・段落構成
4. 表記・文法の正確性
5. 独創性・個性の表れ

# ルーブリック作成の条件
・4段階評価（よくできた、できた、もう少し、がんばろう）
・児童にも理解できる具体的で分かりやすい表現
・自己評価・相互評価にも活用可能
・次の学習への具体的な手がかり

表形式で整理し、この作品がA評価となる具体的根拠も示してください。",小学校国語の優秀作品を分析して客観的なルーブリックを作成し、児童の作文力向上と適切な評価を実現できます。,"人物,内容,制約,形式や語調",
img-experiment-analysis-02,junior-high,理科,実験結果画像の科学的考察支援（中学校）,"あなたは中学校理科の実験指導専門家です。
添付した実験結果の画像を分析し、生徒が科学的思考力を身につけるための考察活動支援プランを作成してください。

# 実験情報
・学年：[中学1〜3年]
・分野：[物理・化学・生物・地学]
・実験名：[具体的な実験名]
・学習目標：[この実験で身につけさせたい科学的概念]
・安全上の注意：[実験時の注意事項]

# 科学的考察の観点
1. 観察事実の正確な記録
2. 予想（仮説）との比較
3. 結果の原因・理由の推論
4. 実験の妥当性・改善点
5. 学習内容との関連づけ
6. 日常生活・社会への応用

# 支援プランの内容
・段階的な発問例（思考を深める質問）
・考察の視点とポイント
・つまずき予想と支援方法
・追実験・発展実験の提案
・評価規準と方法

生徒が科学者のように考え、科学的リテラシーを身につける支援を提案してください。",中学校理科の実験結果を科学的に分析・考察し、生徒の科学的思考力と探究心を効果的に育成する指導を実現できます。,"人物,内容,制約",
img-assessment-feedback-01,high,美術,美術作品評価フィードバック作成（高校）,"あなたは高等学校芸術科（美術）の評価専門家です。
添付した生徒の美術作品を評価し、生徒の創造的表現力向上につながる建設的なフィードバックを作成してください。

# 作品情報
・学年：[高校1〜3年]
・科目：[美術I、II、III]
・課題名：[デッサン、絵画、彫刻、デザインなど]
・制作期間：[何時間での制作か]
・使用画材・技法：[鉛筆、油彩、水彩など]
・学習目標：[この課題で育成したい力]

# 評価の観点
1. 発想・構想の能力
2. 創造的な技能
3. 鑑賞の能力
4. 関心・意欲・態度

# フィードバックの構成
・優れている点の具体的評価
・表現技法・技術面のアドバイス
・発想・創造性の評価と今後の展開
・改善点と具体的な学習方法
・次の制作への意欲を高める言葉
・進路との関連（芸術系進学希望者への配慮）

生徒の個性と創造性を伸ばし、芸術的感性を育む評価とフィードバックを作成してください。",高校美術作品を専門的に評価し、生徒の創造的表現力と芸術的感性を伸ばす建設的なフィードバックを効果的に作成できます。,"人物,内容,制約,形式や語調",
img-board-improvement-01,elementary,算数,板書改善提案（小学校算数）,"あなたは小学校算数科の授業改善専門家です。
添付した算数授業の板書画像を分析し、児童の理解を深めるための改善提案をしてください。

# 授業情報
・学年：[学年]
・単元名：[算数の単元名]
・本時の目標：[この授業のねらい]
・授業の段階：[導入・展開・まとめ]
・児童の実態：[学習状況、特に配慮が必要な点]

# 板書分析の観点
1. 情報の整理・構造化
2. 視覚的分かりやすさ
3. 学習の流れの明確さ
4. 算数的表現の適切性
5. 児童の思考支援

# 改善提案の内容
・良い点の評価（継続すべき要素）
・改善点の具体的指摘
・代替案の提示（改善後の板書例）
・色分け・配置の工夫
・ICT活用との組み合わせ
・ユニバーサルデザインの観点

児童全員が算数の楽しさを味わい、確実な理解につながる板書改善を提案してください。",小学校算数の板書を分析し、児童の思考を支援し理解を深める効果的な板書へと改善する具体的な提案を得られます。,"人物,内容,制約",
img-material-worksheet-01,junior-high,社会,画像教材ワークシート作成（中学校社会）,"あなたは中学校社会科の教材開発専門家です。
添付した画像を活用して、生徒の社会科学習を深化させるワークシートを作成してください。

# 教材設定
・学年：[中学1〜3年]
・分野：[地理・歴史・公民]
・単元名：[具体的な単元名]
・学習目標：[この授業で身につけさせたい力]
・画像の種類：[地図、グラフ、史料、写真など]

# ワークシート作成の条件
・A4用紙1〜2枚程度
・個人学習とグループ学習の組み合わせ
・基礎から応用まで段階的な問い
・思考ツールの活用
・現代社会とのつながり

# 含める要素
1. 学習目標の明示
2. 画像読み取りの観点
3. 段階的な問い（6〜8問程度）
4. 話し合い活動の設定
5. 自分の考えをまとめる欄
6. 振り返り・次時への接続
7. 発展的な学習課題

生徒が主体的に社会事象を考察し、社会科的な見方・考え方を働かせるワークシートを作成してください。",中学校社会科で画像教材を効果的に活用し、生徒の社会科的思考力と探究心を育むワークシートを体系的に作成できます。,"人物,内容,制約,形式や語調",
img-deep-research-question-01,high,探究,画像起点探究質問生成（高校探究）,"あなたは高等学校探究学習の専門家です。
添付した画像を起点として、高校生が深い探究活動に取り組める質の高い探究質問を生成してください。

# 画像・探究情報
・内容：[画像に写っている現象、データ、問題など]
・関連分野：[自然科学、人文科学、社会科学など]
・生徒の学年：[高校1〜3年]
・探究期間：[3ヶ月〜1年程度]
・活用可能な資源：[図書館、インターネット、地域施設など]

# 探究質問の条件
・答えが一つに決まらない開かれた問い
・複数の視点・分野からアプローチ可能
・高校生が実行可能な調査・研究
・社会的意義・価値がある
・生徒の進路・興味と関連

# 生成する内容
1. メイン探究質問（3つ）
・質問の意図と探究の価値
・期待される学習成果

2. サブ探究質問（各メイン質問に2〜3つ）
・具体的な調査・研究方法
・必要な情報源・協力者

3. 探究プロセス設計
・段階的な活動計画
・成果発表・共有の方法

高校生が知的好奇心を持続し、深い学びを実現できる魅力的な探究を設計してください。",画像を起点とした高校生向けの探究活動を設計し、生徒の問題発見・解決能力と学術的スキルを効果的に育成できます。,"人物,内容,制約",
komu-efficiency-es-01,elementary,校務,個人情報管理システム効率化（小学校）,"あなたは小学校の校務効率化専門家です。
児童の個人情報を安全かつ効率的に管理するためのシステム改善案を提案してください。

# 現在の状況
・管理している情報：[出席簿、健康記録、家庭調書、緊急連絡先など]
・使用ツール：[紙ベース、Excel、専用システムなど]
・課題：[時間がかかる、ミスが起こりやすい、共有が困難など]
・学級数：[学級数]
・教職員数：[人数]

# 効率化の観点
1. デジタル化による時間短縮
2. 入力ミス防止の仕組み
3. 安全な情報共有システム
4. バックアップ・復旧体制
5. 法令遵守（個人情報保護）

# 提案内容
・具体的なツール・システムの紹介
・導入手順とスケジュール
・コスト試算
・教職員研修計画
・セキュリティ対策
・運用ルールの策定

小学校の実情に合わせた、実現可能で効果的な改善案を提示してください。",小学校での個人情報管理を効率化し、教職員の負担軽減と情報セキュリティ向上を同時に実現する改善システムを提案できます。,"人物,内容,制約",
komu-efficiency-es-02,elementary,校務,連絡帳デジタル化推進プラン（小学校）,"あなたは小学校のICT推進担当です。
紙の連絡帳からデジタル連絡システムへの移行プランを作成してください。

# 移行の背景
・現在の連絡方法：[紙の連絡帳、プリント配付など]
・課題：[紛失、伝達漏れ、教師の負担など]
・保護者のICTリテラシー：[多様なレベル]
・学校の方針：[段階的導入、全面移行など]

# 移行プランの要素
1. システム選定基準
2. 段階的導入スケジュール
3. 保護者・教職員研修計画
4. 紙との併用期間の設定
5. トラブル対応体制

# 考慮すべき点
・保護者の多様性への配慮
・セキュリティ・プライバシー保護
・緊急時の連絡手段確保
・教職員の負担軽減
・コスト・予算管理
・アクセシビリティ対応

全ての保護者・教職員が安心して利用でき、効率的な情報共有を実現するプランを作成してください。",小学校の連絡システムをデジタル化し、保護者・教職員双方の利便性向上と業務効率化を実現する移行プランを策定できます。,"人物,内容,制約",
komu-efficiency-es-03,elementary,校務,行事準備業務自動化システム（小学校）,"あなたは小学校の業務改善コンサルタントです。
学校行事の準備業務を効率化し、教職員の負担を軽減するシステムを設計してください。

# 対象行事
・年間行事：[運動会、学習発表会、遠足、参観日など]
・月例行事：[避難訓練、身体測定、誕生日会など]
・その他：[学級行事、委員会活動など]

# 現在の課題
・準備時間の長時間化
・同じ作業の重複
・情報共有の不備
・資料作成の非効率性
・保護者への連絡業務の煩雑さ

# 自動化・効率化の領域
1. 年間計画の自動生成
2. 案内文書のテンプレート化
3. 参加者管理システム
4. 物品・予算管理の自動化
5. タスク進捗管理
6. 反省・改善点の蓄積システム

# システム設計の要件
・使いやすいインターフェース
・段階的導入が可能
・既存システムとの連携
・低コストでの運用
・継続的改善の仕組み

小学校の実情に合った、実用的で持続可能なシステムを設計してください。",小学校の行事準備業務を体系的に効率化し、教職員が教育活動により多くの時間を割けるようになる業務改善システムを設計できます。,"人物,内容,制約",
komu-efficiency-jhs-01,junior-high,校務,成績処理システム効率化（中学校）,"あなたは中学校の校務DX推進専門家です。
定期テスト・成績処理業務を効率化し、教職員の負担軽減を図るシステム改善案を提案してください。

# 現在の成績処理業務
・定期テスト（年4〜5回）
・小テスト・単元テスト
・パフォーマンス評価
・観点別評価の集計
・通知表・調査書作成
・進路指導資料作成

# 効率化の課題
・手作業による転記ミス
・集計作業の時間的負担
・複数システム間のデータ移行
・評価基準の標準化
・個別指導データの活用不足

# システム改善の方向性
1. 自動集計・転記機能
2. 観点別評価の効率的入力
3. 個別学習履歴の蓄積
4. 進路指導支援機能
5. 保護者への情報提供自動化
6. セキュリティ強化

# 提案要素
・具体的なシステム構成
・導入・移行計画
・教職員研修プログラム
・運用ルール策定
・効果測定方法

中学校の複雑な成績管理を効率化し、より質の高い評価・指導を実現するシステムを提案してください。",中学校の複雑な成績処理業務を効率化し、教職員が生徒指導により集中できる環境を構築する改善システムを提案できます。,"人物,内容,制約",
komu-efficiency-jhs-02,junior-high,校務,部活動管理システム構築（中学校）,"あなたは中学校の部活動運営効率化専門家です。
部活動に関する業務を一元管理し、顧問教師の負担軽減を図るシステムを構築してください。

# 部活動管理業務の現状
・活動計画・実績管理
・大会・練習試合の申込・調整
・部費・予算管理
・保護者連絡・同意書管理
・生徒の出欠・怪我等記録
・外部指導者との連携

# 現在の課題
・顧問間での情報共有不足
・書類作成・提出の煩雑さ
・緊急連絡体制の不備
・予算管理の透明性不足
・活動記録の散逸
・働き方改革への対応

# システム機能要件
1. 活動計画・記録の一元管理
2. 保護者との連絡システム
3. 予算・会計管理機能
4. 大会・試合情報管理
5. 安全管理・緊急連絡機能
6. 外部指導者管理
7. 活動時間・休養日管理

# 導入・運用計画
・段階的導入スケジュール
・顧問・保護者への説明・研修
・既存業務からの移行方法
・継続的改善の仕組み

中学校部活動の健全な運営を支援し、教職員の働き方改革にも寄与するシステムを構築してください。",中学校の部活動運営を効率化し、顧問教師の負担軽減と部活動の質向上を同時に実現する管理システムを構築できます。,"人物,内容,制約",
komu-efficiency-jhs-03,junior-high,校務,進路指導業務デジタル化（中学校）,"あなたは中学校の進路指導DX専門家です。
3年間を通じた系統的な進路指導業務をデジタル化し、効率的で質の高い進路支援を実現するシステムを設計してください。

# 進路指導業務の範囲
・キャリア教育・職場体験
・高校情報収集・提供
・個別面談・三者面談
・進路希望調査・分析
・調査書・推薦書作成
・入試情報管理・共有

# 現在の課題
・個別指導記録の管理困難
・進路情報の更新・共有遅延
・面談記録の活用不足
・保護者との情報共有不備
・教職員間の連携不足
・データ分析の活用不足

# デジタル化の方向性
1. 個別進路履歴の一元管理
2. 高校情報データベース構築
3. 面談記録・指導履歴システム
4. 保護者向け情報提供ポータル
5. 進路データ分析・活用機能
6. 調査書等書類作成支援

# システム設計要件
・3年間の継続的データ管理
・担任・進路指導主事の連携
・個人情報保護の徹底
・使いやすいインターフェース
・段階的機能拡張対応

中学生の進路選択を効果的に支援し、教職員の業務効率化も実現するシステムを設計してください。",中学校の進路指導業務をデジタル化し、生徒一人ひとりに応じた質の高い進路支援と教職員の業務効率化を実現できます。,"人物,内容,制約",
komu-efficiency-hs-01,high,校務,大学入試対応業務効率化（高校）,"あなたは高等学校の大学入試業務効率化専門家です。
複雑化する大学入試制度に対応しながら、教職員の業務負担を軽減するシステムを構築してください。

# 大学入試関連業務
・調査書・推薦書作成
・総合型・学校推薦型選抜対応
・共通テスト・個別試験手続き
・入試情報収集・更新・共有
・生徒・保護者への情報提供
・合格実績管理・分析

# 現在の課題
・入試制度変更への対応遅れ
・書類作成の重複・非効率
・情報共有の格差
・個別指導記録の散逸
・データ活用の不足
・教職員の専門性格差

# 効率化システムの機能
1. 調査書・推薦書自動生成
2. 入試情報データベース
3. 生徒個別指導履歴管理
4. 大学別出願管理システム
5. 合格実績分析・活用機能
6. 保護者向け情報提供ポータル
7. 教職員向け研修・情報共有

# 導入・運用戦略
・段階的システム構築
・外部専門機関との連携
・教職員のスキルアップ支援
・継続的な制度変更対応
・セキュリティ・個人情報保護

高校生の多様な進路実現を支援し、教職員の専門性向上も図るシステムを構築してください。",高等学校の複雑な大学入試業務を効率化し、生徒の進路実現支援と教職員の負担軽減を同時に実現するシステムを構築できます。,"人物,内容,制約",
komu-efficiency-hs-02,high,校務,単位認定・履修管理システム（高校）,"あなたは高等学校の教務管理DX専門家です。
単位制高校の複雑な履修・単位認定業務を効率化し、ミスを防止するシステムを設計してください。

# 履修・単位管理業務
・科目選択指導・履修登録
・出席管理・単位認定判定
・成績管理・評定平均算出
・進級・卒業判定
・転入・編入生対応
・大学入試・就職用書類作成

# 現在の課題
・履修パターンの複雑化
・単位認定基準の多様化
・手作業による計算ミス
・個別対応の増加
・進路変更時の再計算
・法令・制度変更への対応

# システム機能要件
1. 履修パターン自動チェック
2. 単位認定自動判定機能
3. 個別履修計画作成支援
4. 進級・卒業判定システム
5. 転編入生対応機能
6. 各種証明書自動作成
7. 法令・制度変更対応機能

# 設計・導入計画
・既存システムとの連携
・段階的機能実装
・教職員研修・マニュアル整備
・データ移行・バックアップ体制
・継続的システム改善

高校の多様な学習ニーズに対応しながら、確実で効率的な単位管理を実現するシステムを設計してください。",高等学校の複雑な単位制度を効率的に管理し、生徒の多様な学習ニーズに対応しながら教職員の業務負担を軽減するシステムを設計できます。,"人物,内容,制約",
komu-efficiency-hs-03,high,校務,キャリア教育・進路指導統合システム（高校）,"あなたは高等学校のキャリア教育DX専門家です。
3年間を通じたキャリア教育と進路指導を統合し、生徒の自己実現を支援するシステムを構築してください。

# キャリア教育・進路指導の範囲
・自己理解・職業理解促進
・インターンシップ・職場体験
・大学・専門学校・就職指導
・総合型選抜・推薦入試対策
・キャリアプランニング支援
・卒業後の追跡調査

# 現在の課題
・個別指導の記録・継承困難
・キャリア教育と進路指導の分離
・生徒の自己理解不足
・多様な進路への対応不足
・外部機関との連携不備
・効果測定・改善サイクル不足

# 統合システムの機能
1. 個人キャリアポートフォリオ
2. 自己理解・適性診断ツール
3. 進路情報データベース
4. インターンシップ管理機能
5. 個別面談・指導記録システム
6. 外部機関連携プラットフォーム
7. 卒業生追跡・データ分析機能

# 構築・運用戦略
・生徒主体のシステム設計
・教職員・外部専門家の連携
・3年間の継続的支援体制
・データ活用による改善サイクル
・個人情報保護・セキュリティ

高校生が自らの将来を主体的に設計し、教職員が効果的に支援できるシステムを構築してください。",高等学校のキャリア教育と進路指導を統合し、生徒の主体的な進路選択を支援しながら教職員の指導効率化を実現するシステムを構築できます。,"人物,内容,制約",
seikatsu-seasonal-01,elementary,生活,季節の変化観察プログラム作成,"あなたは小学校生活科の季節学習専門家です。
1年間を通して季節の変化を継続的に観察し、自然と生活のつながりを実感できるプログラムを作成してください。

# プログラム設定
・対象学年：[1年または2年]
・観察場所：[学校園、校庭、通学路、地域の公園など]
・観察期間：[4月〜3月の1年間]
・関連する学習：[国語、算数、図工との関連]

# 観察の観点
1. 植物の変化（成長、開花、結実、落葉など）
2. 動物の様子（昆虫、鳥の行動変化など）
3. 気候・天気の変化
4. 人々の生活の変化（服装、行事、食べ物など）
5. 自分自身の変化

# プログラムの構成
・月別観察計画
・記録方法の工夫（絵日記、写真、採集など）
・季節ごとのまとめ活動
・地域の人との交流
・発表・共有活動
・1年間の振り返り

低学年の児童が自然に親しみ、季節の美しさや不思議さを感じられるプログラムを作成してください。",小学校低学年の児童が1年間を通して季節の変化を体感し、自然と生活のつながりを理解する継続的な観察プログラムを作成できます。,"人物,内容,制約",
seikatsu-community-01,elementary,生活,地域の人々との交流活動企画,"あなたは小学校生活科の地域学習コーディネーターです。
児童が地域の様々な人々と交流し、地域社会への関心と愛着を育む活動を企画してください。

# 交流活動の対象
・地域の高齢者（老人会、デイサービスなど）
・地域の働く人々（商店、工場、公共施設など）
・地域のボランティア（読み聞かせ、見守りなど）
・他の学年の児童・生徒
・保護者・家族

# 活動の目的
1. 地域への関心・愛着の育成
2. 多様な人々との関わり方を学ぶ
3. 感謝の気持ちを育む
4. コミュニケーション能力の向上
5. 地域の一員としての自覚形成

# 活動企画の要素
・事前学習（相手について知る）
・交流活動の計画・準備
・実際の交流活動
・お礼・感謝の表現
・振り返り・次の活動への展開
・安全管理・配慮事項

# 年間計画
・春：地域探検・人々との出会い
・夏：夏祭り・地域行事への参加
・秋：収穫体験・感謝の集い
・冬：昔遊び・お正月行事交流

児童が地域の温かさを感じ、自分も地域の一員であることを実感できる活動を企画してください。",小学校低学年の児童が地域の多様な人々と心温まる交流を通して、地域愛と社会性を育む活動プログラムを企画できます。,"人物,内容,制約",
seikatsu-growth-01,elementary,生活,自分の成長記録プロジェクト,"あなたは小学校生活科の成長支援専門家です。
児童が自分自身の成長を実感し、将来への期待を持てる成長記録プロジェクトを設計してください。

# 成長記録の内容
・身体の成長（身長、体重、手足の大きさなど）
・できるようになったこと（運動、学習、生活技能など）
・好きなもの・興味の変化
・友達関係・人との関わり
・将来の夢・目標の変化
・家族・地域での役割

# 記録方法の工夫
1. 成長アルバムの作成
2. 定期的な写真・動画記録
3. 手形・足形の保存
4. できるようになったことリスト
5. 家族・友達からのメッセージ
6. 作品・制作物の保存

# プロジェクトの進行
・入学時の記録作成
・学期ごとの振り返り
・誕生日での特別記録
・年度末の1年間まとめ
・2年生への引き継ぎ
・保護者との共有・連携

# 活用・発展
・成長発表会の開催
・下級生への紹介
・家族との思い出作り
・自己肯定感の育成
・目標設定への活用

児童が自分の成長を実感し、自信と将来への希望を持てるプロジェクトを設計してください。",小学校低学年の児童が自分自身の成長を可視化し、自己肯定感と将来への期待を育む継続的な記録プロジェクトを設計できます。,"人物,内容,制約",
ongaku-rhythm-01,elementary,音楽,リズム感育成プログラム（小学校）,"あなたは小学校音楽科のリズム指導専門家です。
児童のリズム感を楽しく効果的に育成するプログラムを作成してください。

# 対象・設定
・学年：[低学年・中学年・高学年]
・期間：[1学期間または通年]
・使用楽器：[体、手拍子、簡易楽器など]
・関連教材：[わらべうた、ポピュラー音楽、クラシックなど]

# リズム指導の段階
1. 拍の感覚を身につける
2. 基本的なリズムパターンの習得
3. リズムの組み合わせ・発展
4. 即興的なリズム表現
5. 他の音楽要素との統合

# プログラムの活動例
・リズム遊び・ゲーム
・身体表現・ダンス
・楽器を使ったアンサンブル
・リズムパターンの創作
・様々な音楽に合わせた活動
・発表・鑑賞活動

# 指導の工夫
・視覚的支援（リズム譜、動作など）
・段階的なスモールステップ
・個別支援・グループ活動の組み合わせ
・評価方法の工夫
・家庭との連携

全ての児童がリズムの楽しさを味わい、音楽的な基礎力を身につけるプログラムを作成してください。",小学校音楽でリズム感を楽しく効果的に育成し、児童の音楽的基礎力と表現力を向上させるプログラムを体系的に作成できます。,"人物,内容,制約",
ongaku-singing-01,junior-high,音楽,合唱指導ステップアップ計画（中学校）,"あなたは中学校音楽科の合唱指導専門家です。
変声期の生徒たちが美しいハーモニーを創り上げる合唱指導の計画を作成してください。

# 指導の対象・条件
・学年：[中学1〜3年]
・合唱の種類：[斉唱、2部合唱、3部合唱、混声合唱]
・期間：[学期単位または年間]
・目標：[校内合唱コンクール、地域発表会など]

# 変声期への配慮
1. 個人差に応じた声域設定
2. 無理のない発声練習
3. パート分けの工夫
4. 心理的サポート
5. 楽しさを重視した指導

# 指導の段階
・発声・ブレスの基礎
・音程・リズムの正確性
・パート練習・合わせ練習
・表現力の向上
・アンサンブル力の育成
・発表・評価

# 活動の工夫
・ウォームアップの充実
・ICTを活用した音取り練習
・パートリーダーの育成
・相互評価・自己評価
・録音・録画による客観視
・地域・保護者との連携

生徒が合唱の喜びを感じ、音楽的な表現力と協調性を身につける指導計画を作成してください。",中学校合唱指導で変声期の生徒に配慮しながら、美しいハーモニーと豊かな表現力を育成する段階的な指導計画を作成できます。,"人物,内容,制約",
ongaku-appreciation-01,high,音楽,音楽史・鑑賞授業プラン（高校）,"あなたは高等学校芸術科（音楽）の専門家です。
音楽史の流れと代表的作品の鑑賞を通して、音楽文化への理解を深める授業プランを作成してください。

# 授業設定
・科目：[音楽I、II、III]
・対象時代：[バロック、古典派、ロマン派、近現代など]
・扱う作品：[代表的な作曲家・楽曲]
・期間：[単元または学期単位]
・関連活動：[演奏、創作、ICT活用など]

# 音楽史学習の観点
1. 時代背景と音楽様式
2. 代表的作曲家の生涯と作品
3. 楽器・演奏形態の発達
4. 社会・文化との関わり
5. 現代への影響・継承

# 鑑賞活動の工夫
・多様な音源・映像の活用
・楽譜を見ながらの鑑賞
・部分的な演奏体験
・比較鑑賞による特徴把握
・感想・意見交換
・創作活動への発展

# 授業展開例
・導入：時代背景の概説
・展開：作品鑑賞・分析
・深化：演奏・創作体験
・まとめ：現代とのつながり
・評価：レポート・発表

高校生が音楽の歴史的価値と現代的意義を理解し、生涯にわたって音楽を愛好する態度を育む授業プランを作成してください。",高等学校音楽で音楽史と鑑賞を有機的に結び付け、生徒の音楽文化理解と生涯学習への意欲を育成する授業プランを作成できます。,"人物,内容,制約",
zuga-expression-01,elementary,図画工作,自由表現活動プラン（小学校図工）,"あなたは小学校図画工作科の表現活動専門家です。
児童の創造性と表現力を最大限に引き出す自由表現活動プランを作成してください。

# 活動設定
・学年：[低学年・中学年・高学年]
・テーマ：[「自分の好きなもの」「夢の世界」「未来の〇〇」など]
・使用材料：[絵の具、クレヨン、粘土、廃材など]
・制作期間：[単時間または数時間]
・展示・鑑賞：[校内展示、相互鑑賞など]

# 表現活動の段階
1. 発想・構想の段階
2. 制作・表現の段階
3. 鑑賞・評価の段階
4. 振り返り・発展の段階

# 指導の重点
・自由な発想を大切にする雰囲気づくり
・技法・材料の基本的な使い方指導
・個性・多様性の尊重
・過程を重視した評価
・相互鑑賞による学び合い
・安全指導の徹底

# 支援の工夫
・発想を広げる資料・環境の準備
・技法指導のタイミング
・個別支援の方法
・作品保管・展示の工夫
・保護者・地域への発信

児童一人ひとりの個性と創造性が輝く、楽しく充実した表現活動プランを作成してください。",小学校図画工作で児童の自由な発想と創造性を最大限に引き出し、表現する喜びを味わわせる活動プランを創造できます。,"人物,内容,制約",
bijutsu-design-01,junior-high,美術,デザイン思考育成プロジェクト（中学校美術）,"あなたは中学校美術科のデザイン教育専門家です。
生徒がデザイン思考を身につけ、課題解決に向けた創造的な提案ができるプロジェクトを設計してください。

# プロジェクト設定
・対象：[中学1〜3年]
・課題：[学校生活の改善、地域の問題解決、環境問題など]
・制作物：[ポスター、パッケージ、プロダクト、アプリデザインなど]
・期間：[3〜6時間程度]
・協働：[個人・グループ活動の組み合わせ]

# デザイン思考のプロセス
1. 共感（問題・ニーズの発見）
2. 定義（課題の明確化）
3. 創造（アイデア発想）
4. 試作（プロトタイプ作成）
5. 検証（フィードバック・改善）

# 学習活動の展開
・問題発見のためのリサーチ
・ブレインストーミング・アイデア発想
・スケッチ・ラフデザイン
・制作・完成
・プレゼンテーション・相互評価
・振り返り・改善提案

# 指導のポイント
・実社会とのつながりを重視
・多様なアイデアの尊重
・ICTツールの効果的活用
・協働による学び合い
・社会貢献への意識醸成

生徒が創造的思考力と問題解決能力を身につけ、社会の一員としての自覚を持てるプロジェクトを設計してください。",中学校美術でデザイン思考を通して創造的問題解決能力を育成し、生徒の社会参画意識を高めるプロジェクトを設計できます。,"人物,内容,制約",
bijutsu-contemporary-01,high,美術,現代アート制作・発信プログラム（高校美術）,"あなたは高等学校芸術科（美術）の現代アート教育専門家です。
生徒が現代的な表現方法を学び、自分の作品を社会に発信するプログラムを開発してください。

# プログラム設定
・科目：[美術I、II、III]
・表現メディア：[絵画、彫刻、映像、インスタレーション、デジタルアートなど]
・テーマ：[社会問題、アイデンティティ、環境、テクノロジーなど]
・期間：[学期単位または年間プロジェクト]
・発信方法：[展覧会、SNS、地域発表など]

# 現代アートの学習要素
1. 現代アートの動向・作家研究
2. 多様な表現技法・メディアの習得
3. コンセプト・メッセージの明確化
4. 社会性・批判性を持った表現
5. 鑑賞者とのコミュニケーション

# プログラムの構成
・現代アート鑑賞・分析
・コンセプト・企画の立案
・技法研究・実験
・作品制作
・展示・発表の企画
・作品解説・プレゼンテーション
・社会への発信・交流

# 指導・支援の工夫
・美術館・ギャラリーとの連携
・現代作家との交流機会
・ICT・デジタル技術の活用
・批評・ディスカッションの場
・進路・キャリアとの関連

高校生が現代社会に向けて自分なりの表現を発信し、アーティストとしての基礎を築くプログラムを開発してください。",高等学校美術で現代的な表現技法と社会発信力を身につけ、生徒の芸術的アイデンティティと社会参画意識を育成するプログラムを開発できます。,"人物,内容,制約",
katei-cooking-01,elementary,家庭,実践的調理技能プログラム（小学校家庭）,"あなたは小学校家庭科の調理指導専門家です。
児童が基本的な調理技能を安全に楽しく身につけ、食生活に関心を持てるプログラムを作成してください。

# プログラム設定
・対象学年：[5年・6年]
・調理技能：[切る、ゆでる、炒める、蒸すなど]
・調理実習：[年間6〜8回程度]
・安全管理：[怪我防止、衛生管理、アレルギー対応]
・家庭との連携：[材料準備、家庭実践など]

# 段階的な技能習得
1. 基本の道具の使い方
2. 安全な包丁の使い方
3. 火の扱い方・加熱調理
4. 味付け・調味の基本
5. 盛り付け・配膳
6. 片付け・衛生管理

# 実習メニューの構成
・基礎実習（ゆで卵、おにぎりなど）
・季節の料理（旬の食材活用）
・郷土料理・行事食
・簡単な弁当作り
・家族への料理
・創作メニュー

# 指導の工夫
・デモンストレーションの効果的実施
・グループ編成と役割分担
・個別支援と安全確認
・振り返り・評価の工夫
・家庭での実践奨励
・食文化・栄養指導との関連

児童が調理の楽しさを実感し、生涯にわたって食生活を豊かにする基礎を築くプログラムを作成してください。",小学校家庭科で児童が調理技能を安全に習得し、食生活への関心と実践力を育む段階的なプログラムを作成できます。,"人物,内容,制約",
gika-programming-01,junior-high,技術・家庭,プログラミング的思考育成カリキュラム（中学校技術）,"あなたは中学校技術・家庭科（技術分野）のプログラミング教育専門家です。
生徒がプログラミング的思考を身につけ、問題解決能力を育成するカリキュラムを設計してください。

# カリキュラム設定
・対象学年：[中学1〜3年]
・使用言語・環境：[Scratch、Python、micro:bitなど]
・授業時数：[学年あたり10〜15時間]
・関連分野：[情報の技術、エネルギー変換など]
・評価方法：[作品評価、思考過程評価など]

# プログラミング的思考の要素
1. 分解（問題を小さな部分に分ける）
2. パターン認識（規則性の発見）
3. 抽象化（本質的な要素の抽出）
4. アルゴリズム（手順の論理的組み立て）
5. デバッグ（間違いの発見・修正）

# 学習内容の展開
・基本的なプログラミング体験
・順次・分岐・反復の理解
・センサー・アクチュエータの制御
・身近な問題の解決プログラム
・創作・表現活動
・情報モラル・セキュリティ

# 指導・評価の工夫
・ペアプログラミング・協働学習
・試行錯誤を重視した指導
・作品発表・相互評価
・実生活との関連づけ
・進路・キャリアとの接続
・ICT環境の効果的活用

生徒がプログラミングの楽しさを感じながら、論理的思考力と問題解決能力を確実に身につけるカリキュラムを設計してください。",中学校技術科でプログラミング的思考を体系的に育成し、生徒の論理的思考力と創造的問題解決能力を効果的に伸ばすカリキュラムを設計できます。,"人物,内容,制約",
katei-life-design-01,high,家庭,ライフデザイン教育プログラム（高校家庭）,"あなたは高等学校家庭科のライフデザイン教育専門家です。
生徒が自分らしい生き方を設計し、家庭・社会の一員として必要な資質・能力を身につけるプログラムを開発してください。

# プログラム設定
・科目：[家庭基礎、家庭総合]
・期間：[学期単位または年間]
・対象：[高校1〜3年（発達段階に応じて）]
・関連分野：[進路指導、キャリア教育、主権者教育]
・実践活動：[調査、実習、発表、地域連携など]

# ライフデザインの要素
1. 自己理解・価値観の明確化
2. ライフステージの理解
3. 家族・家庭の意義と役割
4. ワークライフバランス
5. 経済設計・家計管理
6. 社会参画・貢献

# 学習内容の構成
・自分史作成・将来ビジョン
・家族・パートナーシップ
・子育て・介護の理解
・住生活・消費生活の設計
・職業選択・キャリア形成
・社会制度・法律の理解
・地域社会への参画

# 活動・評価の工夫
・ライフプラン作成・発表
・ロールプレイ・シミュレーション
・地域の専門家との交流
・実態調査・データ分析
・家族・地域での実践活動
・ポートフォリオ評価

高校生が自分らしい人生設計を描き、家庭・社会の担い手として成長するプログラムを開発してください。",高等学校家庭科で生徒が自分らしいライフデザインを描き、家庭・社会の一員として必要な実践力を身につけるプログラムを開発できます。,"人物,内容,制約",
taiiku-movement-01,elementary,体育,基本運動技能習得プログラム（小学校体育）,"あなたは小学校体育科の運動技能指導専門家です。
全ての児童が基本的な運動技能を身につけ、運動の楽しさを味わえるプログラムを作成してください。

# プログラム設定
・対象学年：[低学年・中学年・高学年]
・運動領域：[体つくり運動、器械運動、陸上運動、水泳運動、球技、表現運動など]
・技能要素：[移動、平衡、操作、力試しなど]
・期間：[単元または年間計画]
・個別支援：[運動が苦手な児童への配慮]

# 基本運動技能の要素
1. 移動系（走る、跳ぶ、登るなど）
2. 平衡系（立つ、回る、転がるなど）
3. 操作系（投げる、捕る、蹴るなど）
4. 力試し系（押す、引く、運ぶなど）

# 指導の段階
・基本動作の習得
・組み合わせ動作の練習
・ゲーム・競争での活用
・発展的な技能への挑戦
・他の運動への転移

# 指導の工夫
・楽しい雰囲気づくり
・段階的な指導法
・視覚的支援・手本の活用
・仲間との協力・教え合い
・成功体験の積み重ね
・安全管理の徹底
・評価の工夫（過程重視）

全ての児童が「できた」「楽しい」を実感し、生涯にわたって運動に親しむ基礎を築くプログラムを作成してください。",小学校体育で全ての児童が基本運動技能を楽しく習得し、運動好きな子どもを育成する包括的なプログラムを作成できます。,"人物,内容,制約",
hoken-taiiku-health-01,junior-high,保健体育,健康教育実践プログラム（中学校保健）,"あなたは中学校保健体育科の健康教育専門家です。
生徒が自らの健康を管理し、生涯にわたって健康的な生活を送るための実践プログラムを開発してください。

# プログラム設定
・対象学年：[中学1〜3年]
・健康分野：[心身の発達、健康と環境、疾病の予防、応急手当など]
・実践活動：[調査、実習、発表、地域連携など]
・期間：[単元または年間計画]
・評価：[知識理解、実践力、態度など]

# 健康教育の内容
1. 心身の健康・発達の理解
2. 生活習慣病の予防
3. 感染症・薬物等の予防
4. 心の健康・ストレス管理
5. 応急手当・安全管理
6. 健康情報の活用

# 実践活動の展開
・健康診断結果の分析・活用
・生活習慣の調査・改善計画
・応急手当の実習・シミュレーション
・ストレス対処法の体験・実践
・健康情報の収集・評価・発信
・地域の健康課題調査・提案

# 指導・支援の工夫
・科学的根拠に基づく指導
・生徒の実態に応じた個別支援
・体験的・実践的な学習活動
・ICT・データ活用の促進
・専門機関・地域との連携
・家庭・社会への発信

中学生が健康の保持増進を自ら実践し、健康な社会づくりにも貢献できるプログラムを開発してください。",中学校保健で生徒が科学的根拠に基づいた健康管理を実践し、生涯にわたる健康づくりの基礎を確立するプログラムを開発できます。,"人物,内容,制約",
hoken-taiiku-sports-01,high,保健体育,生涯スポーツ実践プログラム（高校体育）,"あなたは高等学校保健体育科のスポーツ教育専門家です。
生徒が生涯にわたってスポーツに親しみ、豊かなスポーツライフを実現するためのプログラムを設計してください。

# プログラム設定
・科目：[体育、スポーツⅠ・Ⅱなど]
・対象：[高校1〜3年、習熟度別対応]
・運動種目：[球技、陸上、水泳、武道、ダンス、野外活動など]
・期間：[年間計画、進路との関連]
・地域連携：[スポーツクラブ、施設活用など]

# 生涯スポーツの観点
1. 多様なスポーツの体験・習得
2. 個人の適性・興味に応じた選択
3. 健康・体力の維持向上
4. スポーツの楽しさ・価値理解
5. スポーツを通した社会参画
6. 指導・支援する力の育成

# プログラムの構成
・基礎体力・技能の向上
・選択制による専門技能習得
・ニュースポーツ・生涯スポーツ体験
・スポーツの科学的理解
・審判・指導法の学習
・地域スポーツ活動への参加
・スポーツイベントの企画・運営

# 指導・評価の工夫
・生徒の主体的な学習促進
・技能差に応じた指導法
・仲間との協働・教え合い
・ICT活用による技能分析
・地域指導者との連携
・実技・知識・態度の総合評価

高校生が自分に適したスポーツを発見し、卒業後も継続してスポーツに親しむ基盤を築くプログラムを設計してください。",高等学校体育で生徒が自分に適したスポーツを見つけ、生涯にわたってスポーツを享受する態度と能力を育成するプログラムを設計できます。,"人物,内容,制約",
doutoku-consideration-01,elementary,道徳,思いやりの心育成プログラム（小学校道徳）,"あなたは小学校道徳科の専門家です。
児童の思いやりの心を育み、他者への配慮ある行動ができるようになるプログラムを作成してください。

# プログラム設定
・対象学年：[低学年・中学年・高学年の発達段階に応じて]
・道徳的価値：[親切、思いやり、感謝、友情など]
・教材：[読み物資料、体験談、映像資料など]
・期間：[年間を通した系統的指導]
・実践化：[学校生活、家庭生活での実践]

# 思いやりの心の育成段階
1. 相手の気持ちに気づく
2. 相手の立場で考える
3. 思いやりのある行動を選択する
4. 継続的に実践する
5. より深い思いやりへと発展させる

# 指導方法の工夫
・児童の実体験との関連づけ
・役割演技・体験活動の活用
・心情の変化を捉える発問
・児童同士の対話・交流
・振り返り・自己評価の重視
・日常実践への動機づけ

# 評価・実践化の工夫
・行動観察による評価
・自己評価・相互評価
・保護者・地域との連携
・学級・学校生活での実践場面設定
・継続的な指導・支援

児童が思いやりの心を内面化し、日常的に他者への配慮ある行動を実践できるプログラムを作成してください。",小学校道徳で児童の思いやりの心を段階的に育成し、日常生活での実践力を身につけるプログラムを体系的に作成できます。,"人物,内容,制約",
doutoku-responsibility-01,junior-high,道徳,責任感・自律性育成カリキュラム（中学校道徳）,"あなたは中学校道徳科の専門家です。
思春期の生徒が責任感と自律性を身につけ、自分の行動に責任を持てるようになるカリキュラムを設計してください。

# カリキュラム設定
・対象学年：[中学1〜3年の発達段階]
・道徳的価値：[責任・義務、自律、自由と責任、節度・節制など]
・教材・資料：[現代的課題、生徒の実態に即した教材]
・指導時間：[年間35時間の系統的配列]
・関連指導：[学級活動、生徒指導との連携]

# 責任感・自律性の発達段階
1. 自分の行動の結果を理解する
2. 責任の意味と重要性を理解する
3. 自分で判断し行動する
4. 継続的に責任を果たす
5. 社会の一員としての責任を自覚する

# 指導方法の特色
・問題解決的な学習の重視
・多面的・多角的な思考の促進
・生徒の主体的な対話・議論
・実際の事例・体験の活用
・価値の内面化を図る工夫
・実践意欲の向上

# 評価・実践の工夫
・学習状況の適切な把握
・自己評価・振り返りの充実
・学校生活全体での実践
・家庭・地域との連携
・継続的な成長支援

中学生が自分自身と向き合い、責任ある行動ができる人間性を育むカリキュラムを設計してください。",中学校道徳で思春期の生徒の責任感と自律性を段階的に育成し、社会の一員としての自覚を高めるカリキュラムを設計できます。,"人物,内容,制約",
doutoku-citizenship-01,high,道徳,公共の精神・社会参画育成プログラム（高校道徳）,"あなたは高等学校の公民科・特別活動の専門家です。
高校生が公共の精神を身につけ、積極的に社会参画する態度を育成するプログラムを開発してください。

# プログラム設定
・関連科目：[公共、倫理、特別活動など]
・対象：[高校1〜3年、進路多様性への対応]
・価値・内容：[公共の精神、社会参画、持続可能性、多様性の尊重など]
・実践活動：[ボランティア、地域活動、社会貢献活動など]
・期間：[年間または3年間の系統的指導]

# 公共の精神・社会参画の要素
1. 社会の一員としての自覚
2. 公共の利益への関心
3. 多様性の理解・尊重
4. 社会的課題への問題意識
5. 主体的な社会参画の実践
6. 持続可能な社会の構築

# プログラムの構成
・現代社会の課題理解
・地域社会・国際社会への関心
・ボランティア・社会貢献体験
・多様な立場の人々との交流
・社会問題の調査・提案活動
・主権者としての資質向上
・将来の社会参画への準備

# 指導・評価の工夫
・実社会との関連を重視
・体験的・実践的な学習活動
・地域・NPO等との連携
・生徒の主体的な企画・運営
・振り返り・価値の内面化
・進路・キャリアとの関連

高校生が社会の担い手としての自覚を持ち、卒業後も継続的に社会貢献する人材に成長するプログラムを開発してください。",高等学校で生徒の公共の精神と社会参画意識を育成し、民主的社会の担い手としての資質・能力を身につけるプログラムを開発できます。,"人物,内容,制約",
sogo-environment-01,elementary,総合,環境教育探究プロジェクト（小学校総合）,"あなたは小学校総合的な学習の時間の環境教育専門家です。
児童が身近な環境問題を探究し、環境保全への意識と行動力を育むプロジェクトを設計してください。

# プロジェクト設定
・対象学年：[3〜6年、学年に応じた内容設定]
・探究課題：[学校周辺の自然、地域の環境問題、地球環境など]
・期間：[1学期〜通年プロジェクト]
・関連教科：[理科、社会、国語、算数など]
・地域連携：[自治体、NPO、専門家との協働]

# 探究のプロセス
1. 課題の設定（疑問・問題の発見）
2. 情報の収集（観察、調査、インタビュー）
3. 整理・分析（データの整理、関係性の把握）
4. まとめ・表現（結論、提案の作成）
5. 実践・発信（行動化、成果の共有）

# 学習活動の展開
・身近な自然環境の観察・調査
・環境問題の原因・影響の調査
・専門家・地域の人へのインタビュー
・データ収集・分析・グラフ化
・環境保全への提案・実践活動
・成果発表・地域への発信

# 指導・支援の工夫
・児童の問題意識を大切にした課題設定
・多様な情報収集方法の指導
・ICT活用による情報整理・表現
・地域の専門家との連携
・実践活動への動機づけ
・継続的な取組への発展

児童が環境問題を自分事として捉え、持続可能な社会づくりに向けて行動する力を育むプロジェクトを設計してください。",小学校総合学習で児童が環境問題を主体的に探究し、持続可能な社会を創造する意識と実践力を育成するプロジェクトを設計できます。,"人物,内容,制約",
sogo-career-01,junior-high,総合,キャリア探究プログラム（中学校総合）,"あなたは中学校総合的な学習の時間のキャリア教育専門家です。
生徒が自分の将来について考え、キャリア形成の基礎を築く探究プログラムを開発してください。

# プログラム設定
・対象学年：[中学1〜3年、発達段階に応じた系統性]
・探究内容：[職業理解、自己理解、社会理解、進路設計など]
・期間：[3年間を通した系統的プログラム]
・体験活動：[職場体験、インターンシップ、職業人講話など]
・関連指導：[進路指導、道徳、各教科との関連]

# キャリア探究の段階
1. 自己理解の深化（興味・関心、適性の把握）
2. 職業・社会の理解（多様な働き方の理解）
3. 体験活動による学び（職場体験等）
4. 将来設計・進路選択（目標設定、計画立案）
5. 実現に向けた準備（学習計画、実践）

# 学習活動の構成
・自分史作成・将来の夢探し
・職業調査・職業人インタビュー
・職場体験・職業体験活動
・働くことの意義・価値の考察
・進路情報の収集・分析
・キャリアプラン作成・発表
・実現に向けた行動計画

# 指導・評価の工夫
・生徒の主体的な探究活動
・地域・企業との連携強化
・保護者・家族との連携
・ポートフォリオによる記録・振り返り
・個別指導・相談体制の充実
・高校との接続を意識した指導

中学生が自分らしい生き方・働き方を見つけ、主体的に進路選択できる力を育むプログラムを開発してください。",中学校総合学習でキャリア探究を通して生徒の自己理解と社会理解を深め、主体的な進路選択能力を育成するプログラムを開発できます。,"人物,内容,制約",
sogo-global-01,high,総合,グローバル課題解決プロジェクト（高校総合）,"あなたは高等学校総合的な探究の時間のグローバル教育専門家です。
生徒がグローバルな視点で社会課題を捉え、解決に向けて行動する力を育成するプロジェクトを設計してください。

# プロジェクト設定
・対象：[高校1〜3年、進路多様性対応]
・探究テーマ：[SDGs、国際協力、多文化共生、平和構築など]
・期間：[年間または複数年にわたる探究]
・国際連携：[海外の学校、国際機関、NGOとの協働]
・成果発信：[国際会議、コンテスト、政策提言など]

# グローバル課題探究の要素
1. 地球規模課題の理解・分析
2. 多文化・多様性の理解
3. 国際協力・連携の実践
4. 解決策の提案・実行
5. 発信・アドボカシー活動
6. 持続可能な社会の構築

# プロジェクトの展開
・グローバル課題の調査・分析
・海外との交流・協働活動
・フィールドワーク・現地調査
・専門家・実践者との対話
・解決策の企画・実践
・国際的な発信・提言活動
・持続的な取組の構築

# 指導・支援体制
・教科横断的な指導体制
・国際機関・NPOとのパートナーシップ
・ICTを活用した国際協働
・英語等外国語の実践的活用
・大学・研究機関との連携
・成果の社会発信・政策提言

高校生がグローバルな課題解決者として成長し、国際社会で活躍する基盤を築くプロジェクトを設計してください。",高等学校探究学習でグローバルな視点から社会課題を探究し、国際社会で活躍する資質・能力を育成するプロジェクトを設計できます。,"人物,内容,制約",
tokkatsu-class-management-01,elementary,特別活動,自主的学級運営システム（小学校特活）,"あなたは小学校特別活動の学級活動専門家です。
児童が主体的に学級運営に参画し、協働して良い学級を作るシステムを構築してください。

# システム設定
・対象学年：[低学年・中学年・高学年の発達段階]
・運営組織：[学級会、係活動、当番活動など]
・話し合い：[議題設定、司会・記録、合意形成など]
・実践活動：[決定事項の実行、振り返り・改善など]
・教師の役割：[支援・指導のあり方]

# 自主的運営の要素
1. 児童による問題発見・議題提案
2. 民主的な話し合い・意思決定
3. 全員参加の実践活動
4. 振り返り・改善のサイクル
5. 他者理解・協調性の育成

# 学級会の充実
・議題選定の工夫（生活上の問題、楽しい活動など）
・司会・記録等の役割分担と育成
・話し合いスキルの指導
・合意形成・意思決定の方法
・決定事項の実践・評価

# 係・当番活動の工夫
・学級のニーズに応じた係の設定
・自発的・創造的な活動の奨励
・協力・分担による活動推進
・定期的な振り返り・改善
・感謝・承認の文化づくり

児童が学級の一員としての自覚を持ち、協働して学級をより良くする力を育むシステムを構築してください。",小学校特別活動で児童の自主性と協働性を育成し、民主的な学級運営を通して社会性を身につけるシステムを構築できます。,"人物,内容,制約",
tokkatsu-student-council-01,junior-high,特別活動,生徒会活動活性化プログラム（中学校特活）,"あなたは中学校特別活動の生徒会活動専門家です。
生徒が学校運営に主体的に参画し、リーダーシップと社会性を育む生徒会活動プログラムを開発してください。

# プログラム設定
・対象：[全校生徒、生徒会役員、各種委員会]
・活動領域：[学校行事、生活改善、地域貢献、国際交流など]
・運営組織：[生徒会本部、専門委員会、学級代表など]
・期間：[年間を通した継続的活動]
・支援体制：[教師の指導・助言、地域との連携]

# 生徒会活動の機能
1. 学校生活の改善・向上
2. 生徒の意見表明・参画
3. リーダーシップの育成
4. 協働性・社会性の発達
5. 自治的能力の向上
6. 社会参画への基礎づくり

# 活動内容の充実
・生徒総会・代表委員会の活性化
・学校行事の企画・運営参画
・学校生活向上への提案・実践
・地域貢献・ボランティア活動
・他校・地域との交流活動
・生徒の声を反映する仕組みづくり

# 指導・支援の工夫
・生徒の主体性を重視した指導
・民主的な意思決定プロセスの学習
・リーダーシップ研修の実施
・継続的な活動評価・改善
・地域・保護者との連携
・将来の社会参画への意識づけ

中学生が学校の主人公として活躍し、民主的社会の担い手としての基礎を築くプログラムを開発してください。",中学校特別活動で生徒会活動を通して生徒の自治的能力とリーダーシップを育成し、民主的社会の担い手を育成するプログラムを開発できます。,"人物,内容,制約",
tokkatsu-school-event-01,high,特別活動,学校行事プロデュースプログラム（高校特活）,"あなたは高等学校特別活動の学校行事専門家です。
生徒が学校行事を主体的に企画・運営し、創造性とマネジメント能力を育成するプログラムを設計してください。

# プログラム設定
・対象行事：[文化祭、体育祭、修学旅行、卒業式など]
・運営組織：[実行委員会、各種委員会、クラス・部活動]
・期間：[企画から評価まで数ヶ月の長期プロジェクト]
・対象：[高校1〜3年、役割分担と学年継承]
・地域連携：[地域住民、卒業生、関係機関との協働]

# 行事プロデュースの要素
1. 企画・コンセプト立案
2. 予算・資源管理
3. チームビルディング・役割分担
4. 広報・集客活動
5. 当日運営・トラブル対応
6. 評価・振り返り・継承

# プログラムの構成
・行事の意義・目的の共有
・企画立案・コンセプト設計
・実行計画・予算案作成
・チーム編成・役割分担
・準備・練習・リハーサル
・本番実施・運営管理
・振り返り・成果の確認
・次年度への継承・発展

# 指導・評価の工夫
・生徒の創造性・自主性の尊重
・PDCAサイクルによる改善
・地域・保護者との協働促進
・安全管理・危機管理の指導
・個々の成長と集団の成長の両立
・社会人基礎力の育成

高校生が行事を通して企画力・実行力・協働力を身につけ、社会で活躍する基盤を築くプログラムを設計してください。",高等学校特別活動で学校行事の企画・運営を通して生徒の創造性・マネジメント能力・協働力を育成するプログラムを設計できます。,"人物,内容,制約",
tankyu-research-methodology-01,high,探究,探究研究方法論習得プログラム,"あなたは高等学校探究学習の研究方法論専門家です。
生徒が学術的な探究研究を行うために必要な研究方法論を体系的に習得するプログラムを開発してください。

# プログラム設定
・対象：[高校1〜3年、段階的スキル習得]
・期間：[年間を通した系統的指導]
・研究分野：[人文・社会科学、自然科学、学際領域]
・成果発表：[校内発表会、外部コンテスト、学会発表など]
・指導体制：[教科横断、外部専門家連携]

# 研究方法論の要素
1. 問いの設定・仮説構築
2. 先行研究調査・文献レビュー
3. 研究計画立案・方法選択
4. データ収集・調査実施
5. 分析・考察・結論導出
6. 論文作成・発表技法

# プログラムの展開
・研究倫理・学術的誠実性の理解
・問い・仮説設定の技法
・文献検索・情報収集方法
・量的・質的研究方法の習得
・データ分析・統計処理技能
・論文・レポート作成技法
・プレゼンテーション・ディスカッション技能

# 指導・支援の特色
・個人研究とグループ研究の組み合わせ
・大学・研究機関との連携
・専門家によるメンタリング
・段階的評価・フィードバック
・研究成果の社会発信
・進路・キャリアとの接続

高校生が大学レベルの探究研究を行い、将来の学術研究や社会課題解決に向けた基盤を築くプログラムを開発してください。",高等学校探究学習で学術的研究方法論を体系的に習得し、大学での学びや将来の研究活動につながる探究力を育成するプログラムを開発できます。,"人物,内容,制約",
tankyu-interdisciplinary-01,high,探究,文理融合探究プロジェクト,"あなたは高等学校探究学習の学際的研究専門家です。
文系・理系の枠を超えた学際的なアプローチで社会課題を探究するプロジェクトを設計してください。

# プロジェクト設定
・探究テーマ：[AI・技術と社会、環境・エネルギー問題、医療・福祉、都市・地域計画など]
・参加者：[文系・理系選択者の混成チーム]
・期間：[半年〜1年の長期プロジェクト]
・連携機関：[大学、企業、研究所、自治体など]
・成果：[政策提言、プロトタイプ開発、社会実装など]

# 文理融合の観点
1. 科学技術と人文社会の統合
2. 定量的・定性的アプローチの併用
3. 倫理的・社会的課題の考慮
4. 多角的・複合的な問題分析
5. 実社会への応用・実装

# プロジェクトの進行
・学際的課題の設定・共有
・各分野の専門知識習得
・フィールドワーク・現地調査
・データ分析・理論構築
・解決策の企画・設計
・プロトタイプ・提案作成
・社会実装・政策提言
・成果発表・社会発信

# 指導・支援体制
・文理教員の協働指導
・外部専門家のアドバイザリー
・企業・自治体との連携
・国際的な視点の導入
・デザイン思考の活用
・社会実装への支援

高校生が文理の垣根を超えて複雑な社会課題に取り組み、将来の学際的リーダーとしての基盤を築くプロジェクトを設計してください。",高等学校探究学習で文理融合的なアプローチにより複雑な社会課題を探究し、学際的思考力と問題解決能力を育成するプロジェクトを設計できます。,"人物,内容,制約",
tankyu-social-innovation-01,high,探究,ソーシャルイノベーション創出プログラム,"あなたは高等学校探究学習のソーシャルイノベーション専門家です。
生徒が社会的課題を解決する革新的なアイデアを創出し、実際に社会実装に取り組むプログラムを構築してください。

# プログラム設定
・対象課題：[地域活性化、高齢化社会、教育格差、環境問題、国際協力など]
・参加者：[高校2〜3年、多様な興味・能力を持つ生徒]
・期間：[年間を通した継続的プロジェクト]
・協働先：[NPO、社会起業家、自治体、企業のCSR部門など]
・成果目標：[プロトタイプ開発、政策提言、実証実験など]

# ソーシャルイノベーションの要素
1. 社会的課題の深い理解
2. 斬新で実現可能なアイデア創出
3. ステークホルダーとの協働
4. 持続可能なビジネスモデル
5. 社会的インパクトの測定
6. スケールアップの戦略

# プログラムの構成
・社会課題の発見・分析
・ユーザーニーズの調査・検証
・アイデア創出・プロトタイピング
・ビジネスモデルの構築
・パイロット実験・効果測定
・ステークホルダーとの連携
・社会実装・普及戦略
・成果発表・政策提言

# 指導・支援体制
・デザイン思考・リーンスタートアップ手法
・社会起業家・専門家との連携
・地域コミュニティとの協働
・大学・研究機関との連携
・資金調達・助成金活用
・メンタリング・コーチング
・国際的な視点・交流

高校生が社会変革の担い手として成長し、将来の社会起業や社会貢献活動の基盤を築くプログラムを構築してください。",高等学校探究学習で生徒が社会的課題を解決する革新的なアイデアを創出し、実際の社会実装に向けた実践力を育成するプログラムを構築できます。,"人物,内容,制約",
komu-efficiency-es-01,elementary,校務,個人情報管理システム効率化（小学校）,"あなたは小学校の校務効率化専門家です。
児童の個人情報を安全かつ効率的に管理するためのシステム改善案を提案してください。

# 現在の状況
・管理している情報：[出席簿、健康記録、家庭調書、緊急連絡先など]
・使用ツール：[紙ベース、Excel、専用システムなど]
・課題：[時間がかかる、ミスが起こりやすい、共有が困難など]
・学級数：[学級数]
・教職員数：[人数]

# 効率化の観点
1. デジタル化による時間短縮
2. 入力ミス防止の仕組み
3. 安全な情報共有システム
4. バックアップ・復旧体制
5. 法令遵守（個人情報保護）

# 提案内容
・具体的なツール・システムの紹介
・導入手順とスケジュール
・コスト試算
・教職員研修計画
・セキュリティ対策
・運用ルールの策定

小学校の実情に合わせた、実現可能で効果的な改善案を提示してください。",小学校での個人情報管理を効率化し、教職員の負担軽減と情報セキュリティ向上を同時に実現する改善システムを提案できます。,"人物,内容,制約",
komu-efficiency-es-02,elementary,校務,連絡帳デジタル化推進プラン（小学校）,"あなたは小学校のICT推進担当です。
紙の連絡帳からデジタル連絡システムへの移行プランを作成してください。

# 移行の背景
・現在の連絡方法：[紙の連絡帳、プリント配付など]
・課題：[紛失、伝達漏れ、教師の負担など]
・保護者のICTリテラシー：[多様なレベル]
・学校の方針：[段階的導入、全面移行など]

# 移行プランの要素
1. システム選定基準
2. 段階的導入スケジュール
3. 保護者・教職員研修計画
4. 紙との併用期間の設定
5. トラブル対応体制

# 考慮すべき点
・保護者の多様性への配慮
・セキュリティ・プライバシー保護
・緊急時の連絡手段確保
・教職員の負担軽減
・コスト・予算管理
・アクセシビリティ対応

全ての保護者・教職員が安心して利用でき、効率的な情報共有を実現するプランを作成してください。",小学校の連絡システムをデジタル化し、保護者・教職員双方の利便性向上と業務効率化を実現する移行プランを策定できます。,"人物,内容,制約",
komu-efficiency-es-03,elementary,校務,行事準備業務自動化システム（小学校）,"あなたは小学校の業務改善コンサルタントです。
学校行事の準備業務を効率化し、教職員の負担を軽減するシステムを設計してください。

# 対象行事
・年間行事：[運動会、学習発表会、遠足、参観日など]
・月例行事：[避難訓練、身体測定、誕生日会など]
・その他：[学級行事、委員会活動など]

# 現在の課題
・準備時間の長時間化
・同じ作業の重複
・情報共有の不備
・資料作成の非効率性
・保護者への連絡業務の煩雑さ

# 自動化・効率化の領域
1. 年間計画の自動生成
2. 案内文書のテンプレート化
3. 参加者管理システム
4. 物品・予算管理の自動化
5. タスク進捗管理
6. 反省・改善点の蓄積システム

# システム設計の要件
・使いやすいインターフェース
・段階的導入が可能
・既存システムとの連携
・低コストでの運用
・継続的改善の仕組み

小学校の実情に合った、実用的で持続可能なシステムを設計してください。",小学校の行事準備業務を体系的に効率化し、教職員が教育活動により多くの時間を割けるようになる業務改善システムを設計できます。,"人物,内容,制約",
komu-efficiency-jhs-01,junior-high,校務,成績処理システム効率化（中学校）,"あなたは中学校の校務DX推進専門家です。
定期テスト・成績処理業務を効率化し、教職員の負担軽減を図るシステム改善案を提案してください。

# 現在の成績処理業務
・定期テスト（年4〜5回）
・小テスト・単元テスト
・パフォーマンス評価
・観点別評価の集計
・通知表・調査書作成
・進路指導資料作成

# 効率化の課題
・手作業による転記ミス
・集計作業の時間的負担
・複数システム間のデータ移行
・評価基準の標準化
・個別指導データの活用不足

# システム改善の方向性
1. 自動集計・転記機能
2. 観点別評価の効率的入力
3. 個別学習履歴の蓄積
4. 進路指導支援機能
5. 保護者への情報提供自動化
6. セキュリティ強化

# 提案要素
・具体的なシステム構成
・導入・移行計画
・教職員研修プログラム
・運用ルール策定
・効果測定方法

中学校の複雑な成績管理を効率化し、より質の高い評価・指導を実現するシステムを提案してください。",中学校の複雑な成績処理業務を効率化し、教職員が生徒指導により集中できる環境を構築する改善システムを提案できます。,"人物,内容,制約",
komu-efficiency-jhs-02,junior-high,校務,部活動管理システム構築（中学校）,"あなたは中学校の部活動運営効率化専門家です。
部活動に関する業務を一元管理し、顧問教師の負担軽減を図るシステムを構築してください。

# 部活動管理業務の現状
・活動計画・実績管理
・大会・練習試合の申込・調整
・部費・予算管理
・保護者連絡・同意書管理
・生徒の出欠・怪我等記録
・外部指導者との連携

# 現在の課題
・顧問間での情報共有不足
・書類作成・提出の煩雑さ
・緊急連絡体制の不備
・予算管理の透明性不足
・活動記録の散逸
・働き方改革への対応

# システム機能要件
1. 活動計画・記録の一元管理
2. 保護者との連絡システム
3. 予算・会計管理機能
4. 大会・試合情報管理
5. 安全管理・緊急連絡機能
6. 外部指導者管理
7. 活動時間・休養日管理

# 導入・運用計画
・段階的導入スケジュール
・顧問・保護者への説明・研修
・既存業務からの移行方法
・継続的改善の仕組み

中学校部活動の健全な運営を支援し、教職員の働き方改革にも寄与するシステムを構築してください。",中学校の部活動運営を効率化し、顧問教師の負担軽減と部活動の質向上を同時に実現する管理システムを構築できます。,"人物,内容,制約",
komu-efficiency-jhs-03,junior-high,校務,進路指導業務デジタル化（中学校）,"あなたは中学校の進路指導DX専門家です。
3年間を通じた系統的な進路指導業務をデジタル化し、効率的で質の高い進路支援を実現するシステムを設計してください。

# 進路指導業務の範囲
・キャリア教育・職場体験
・高校情報収集・提供
・個別面談・三者面談
・進路希望調査・分析
・調査書・推薦書作成
・入試情報管理・共有

# 現在の課題
・個別指導記録の管理困難
・進路情報の更新・共有遅延
・面談記録の活用不足
・保護者との情報共有不備
・教職員間の連携不足
・データ分析の活用不足

# デジタル化の方向性
1. 個別進路履歴の一元管理
2. 高校情報データベース構築
3. 面談記録・指導履歴システム
4. 保護者向け情報提供ポータル
5. 進路データ分析・活用機能
6. 調査書等書類作成支援

# システム設計要件
・3年間の継続的データ管理
・担任・進路指導主事の連携
・個人情報保護の徹底
・使いやすいインターフェース
・段階的機能拡張対応

中学生の進路選択を効果的に支援し、教職員の業務効率化も実現するシステムを設計してください。",中学校の進路指導業務をデジタル化し、生徒一人ひとりに応じた質の高い進路支援と教職員の業務効率化を実現できます。,"人物,内容,制約",
komu-efficiency-hs-01,high,校務,大学入試対応業務効率化（高校）,"あなたは高等学校の大学入試業務効率化専門家です。
複雑化する大学入試制度に対応しながら、教職員の業務負担を軽減するシステムを構築してください。

# 大学入試関連業務
・調査書・推薦書作成
・総合型・学校推薦型選抜対応
・共通テスト・個別試験手続き
・入試情報収集・更新・共有
・生徒・保護者への情報提供
・合格実績管理・分析

# 現在の課題
・入試制度変更への対応遅れ
・書類作成の重複・非効率
・情報共有の格差
・個別指導記録の散逸
・データ活用の不足
・教職員の専門性格差

# 効率化システムの機能
1. 調査書・推薦書自動生成
2. 入試情報データベース
3. 生徒個別指導履歴管理
4. 大学別出願管理システム
5. 合格実績分析・活用機能
6. 保護者向け情報提供ポータル
7. 教職員向け研修・情報共有

# 導入・運用戦略
・段階的システム構築
・外部専門機関との連携
・教職員のスキルアップ支援
・継続的な制度変更対応
・セキュリティ・個人情報保護

高校生の多様な進路実現を支援し、教職員の専門性向上も図るシステムを構築してください。",高等学校の複雑な大学入試業務を効率化し、生徒の進路実現支援と教職員の負担軽減を同時に実現するシステムを構築できます。,"人物,内容,制約",
komu-efficiency-hs-02,high,校務,単位認定・履修管理システム（高校）,"あなたは高等学校の教務管理DX専門家です。
単位制高校の複雑な履修・単位認定業務を効率化し、ミスを防止するシステムを設計してください。

# 履修・単位管理業務
・科目選択指導・履修登録
・出席管理・単位認定判定
・成績管理・評定平均算出
・進級・卒業判定
・転入・編入生対応
・大学入試・就職用書類作成

# 現在の課題
・履修パターンの複雑化
・単位認定基準の多様化
・手作業による計算ミス
・個別対応の増加
・進路変更時の再計算
・法令・制度変更への対応

# システム機能要件
1. 履修パターン自動チェック
2. 単位認定自動判定機能
3. 個別履修計画作成支援
4. 進級・卒業判定システム
5. 転編入生対応機能
6. 各種証明書自動作成
7. 法令・制度変更対応機能

# 設計・導入計画
・既存システムとの連携
・段階的機能実装
・教職員研修・マニュアル整備
・データ移行・バックアップ体制
・継続的システム改善

高校の多様な学習ニーズに対応しながら、確実で効率的な単位管理を実現するシステムを設計してください。",高等学校の複雑な単位制度を効率的に管理し、生徒の多様な学習ニーズに対応しながら教職員の業務負担を軽減するシステムを設計できます。,"人物,内容,制約",
komu-efficiency-hs-03,high,校務,キャリア教育・進路指導統合システム（高校）,"あなたは高等学校のキャリア教育DX専門家です。
3年間を通じたキャリア教育と進路指導を統合し、生徒の自己実現を支援するシステムを構築してください。

# キャリア教育・進路指導の範囲
・自己理解・職業理解促進
・インターンシップ・職場体験
・大学・専門学校・就職指導
・総合型選抜・推薦入試対策
・キャリアプランニング支援
・卒業後の追跡調査

# 現在の課題
・個別指導の記録・継承困難
・キャリア教育と進路指導の分離
・生徒の自己理解不足
・多様な進路への対応不足
・外部機関との連携不備
・効果測定・改善サイクル不足

# 統合システムの機能
1. 個人キャリアポートフォリオ
2. 自己理解・適性診断ツール
3. 進路情報データベース
4. インターンシップ管理機能
5. 個別面談・指導記録システム
6. 外部機関連携プラットフォーム
7. 卒業生追跡・データ分析機能

# 構築・運用戦略
・生徒主体のシステム設計
・教職員・外部専門家の連携
・3年間の継続的支援体制
・データ活用による改善サイクル
・個人情報保護・セキュリティ

高校生が自らの将来を主体的に設計し、教職員が効果的に支援できるシステムを構築してください。",高等学校のキャリア教育と進路指導を統合し、生徒の主体的な進路選択を支援しながら教職員の指導効率化を実現するシステムを構築できます。,"人物,内容,制約",
seikatsu-seasonal-01,elementary,生活,季節の変化観察プログラム作成,"あなたは小学校生活科の季節学習専門家です。
1年間を通して季節の変化を継続的に観察し、自然と生活のつながりを実感できるプログラムを作成してください。

# プログラム設定
・対象学年：[1年または2年]
・観察場所：[学校園、校庭、通学路、地域の公園など]
・観察期間：[4月〜3月の1年間]
・関連する学習：[国語、算数、図工との関連]

# 観察の観点
1. 植物の変化（成長、開花、結実、落葉など）
2. 動物の様子（昆虫、鳥の行動変化など）
3. 気候・天気の変化
4. 人々の生活の変化（服装、行事、食べ物など）
5. 自分自身の変化

# プログラムの構成
・月別観察計画
・記録方法の工夫（絵日記、写真、採集など）
・季節ごとのまとめ活動
・地域の人との交流
・発表・共有活動
・1年間の振り返り

低学年の児童が自然に親しみ、季節の美しさや不思議さを感じられるプログラムを作成してください。",小学校低学年の児童が1年間を通して季節の変化を体感し、自然と生活のつながりを理解する継続的な観察プログラムを作成できます。,"人物,内容,制約",
seikatsu-community-01,elementary,生活,地域の人々との交流活動企画,"あなたは小学校生活科の地域学習コーディネーターです。
児童が地域の様々な人々と交流し、地域社会への関心と愛着を育む活動を企画してください。

# 交流活動の対象
・地域の高齢者（老人会、デイサービスなど）
・地域の働く人々（商店、工場、公共施設など）
・地域のボランティア（読み聞かせ、見守りなど）
・他の学年の児童・生徒
・保護者・家族

# 活動の目的
1. 地域への関心・愛着の育成
2. 多様な人々との関わり方を学ぶ
3. 感謝の気持ちを育む
4. コミュニケーション能力の向上
5. 地域の一員としての自覚形成

# 活動企画の要素
・事前学習（相手について知る）
・交流活動の計画・準備
・実際の交流活動
・お礼・感謝の表現
・振り返り・次の活動への展開
・安全管理・配慮事項

# 年間計画
・春：地域探検・人々との出会い
・夏：夏祭り・地域行事への参加
・秋：収穫体験・感謝の集い
・冬：昔遊び・お正月行事交流

児童が地域の温かさを感じ、自分も地域の一員であることを実感できる活動を企画してください。",小学校低学年の児童が地域の多様な人々と心温まる交流を通して、地域愛と社会性を育む活動プログラムを企画できます。,"人物,内容,制約",
seikatsu-growth-01,elementary,生活,自分の成長記録プロジェクト,"あなたは小学校生活科の成長支援専門家です。
児童が自分自身の成長を実感し、将来への期待を持てる成長記録プロジェクトを設計してください。

# 成長記録の内容
・身体の成長（身長、体重、手足の大きさなど）
・できるようになったこと（運動、学習、生活技能など）
・好きなもの・興味の変化
・友達関係・人との関わり
・将来の夢・目標の変化
・家族・地域での役割

# 記録方法の工夫
1. 成長アルバムの作成
2. 定期的な写真・動画記録
3. 手形・足形の保存
4. できるようになったことリスト
5. 家族・友達からのメッセージ
6. 作品・制作物の保存

# プロジェクトの進行
・入学時の記録作成
・学期ごとの振り返り
・誕生日での特別記録
・年度末の1年間まとめ
・2年生への引き継ぎ
・保護者との共有・連携

# 活用・発展
・成長発表会の開催
・下級生への紹介
・家族との思い出作り
・自己肯定感の育成
・目標設定への活用

児童が自分の成長を実感し、自信と将来への希望を持てるプロジェクトを設計してください。",小学校低学年の児童が自分自身の成長を可視化し、自己肯定感と将来への期待を育む継続的な記録プロジェクトを設計できます。,"人物,内容,制約",
ongaku-rhythm-01,elementary,音楽,リズム感育成プログラム（小学校）,"あなたは小学校音楽科のリズム指導専門家です。
児童のリズム感を楽しく効果的に育成するプログラムを作成してください。

# 対象・設定
・学年：[低学年・中学年・高学年]
・期間：[1学期間または通年]
・使用楽器：[体、手拍子、簡易楽器など]
・関連教材：[わらべうた、ポピュラー音楽、クラシックなど]

# リズム指導の段階
1. 拍の感覚を身につける
2. 基本的なリズムパターンの習得
3. リズムの組み合わせ・発展
4. 即興的なリズム表現
5. 他の音楽要素との統合

# プログラムの活動例
・リズム遊び・ゲーム
・身体表現・ダンス
・楽器を使ったアンサンブル
・リズムパターンの創作
・様々な音楽に合わせた活動
・発表・鑑賞活動

# 指導の工夫
・視覚的支援（リズム譜、動作など）
・段階的なスモールステップ
・個別支援・グループ活動の組み合わせ
・評価方法の工夫
・家庭との連携

全ての児童がリズムの楽しさを味わい、音楽的な基礎力を身につけるプログラムを作成してください。",小学校音楽でリズム感を楽しく効果的に育成し、児童の音楽的基礎力と表現力を向上させるプログラムを体系的に作成できます。,"人物,内容,制約",
ongaku-singing-01,junior-high,音楽,合唱指導ステップアップ計画（中学校）,"あなたは中学校音楽科の合唱指導専門家です。
変声期の生徒たちが美しいハーモニーを創り上げる合唱指導の計画を作成してください。

# 指導の対象・条件
・学年：[中学1〜3年]
・合唱の種類：[斉唱、2部合唱、3部合唱、混声合唱]
・期間：[学期単位または年間]
・目標：[校内合唱コンクール、地域発表会など]

# 変声期への配慮
1. 個人差に応じた声域設定
2. 無理のない発声練習
3. パート分けの工夫
4. 心理的サポート
5. 楽しさを重視した指導

# 指導の段階
・発声・ブレスの基礎
・音程・リズムの正確性
・パート練習・合わせ練習
・表現力の向上
・アンサンブル力の育成
・発表・評価

# 活動の工夫
・ウォームアップの充実
・ICTを活用した音取り練習
・パートリーダーの育成
・相互評価・自己評価
・録音・録画による客観視
・地域・保護者との連携

生徒が合唱の喜びを感じ、音楽的な表現力と協調性を身につける指導計画を作成してください。",中学校合唱指導で変声期の生徒に配慮しながら、美しいハーモニーと豊かな表現力を育成する段階的な指導計画を作成できます。,"人物,内容,制約",
ongaku-appreciation-01,high,音楽,音楽史・鑑賞授業プラン（高校）,"あなたは高等学校芸術科（音楽）の専門家です。
音楽史の流れと代表的作品の鑑賞を通して、音楽文化への理解を深める授業プランを作成してください。

# 授業設定
・科目：[音楽I、II、III]
・対象時代：[バロック、古典派、ロマン派、近現代など]
・扱う作品：[代表的な作曲家・楽曲]
・期間：[単元または学期単位]
・関連活動：[演奏、創作、ICT活用など]

# 音楽史学習の観点
1. 時代背景と音楽様式
2. 代表的作曲家の生涯と作品
3. 楽器・演奏形態の発達
4. 社会・文化との関わり
5. 現代への影響・継承

# 鑑賞活動の工夫
・多様な音源・映像の活用
・楽譜を見ながらの鑑賞
・部分的な演奏体験
・比較鑑賞による特徴把握
・感想・意見交換
・創作活動への発展

# 授業展開例
・導入：時代背景の概説
・展開：作品鑑賞・分析
・深化：演奏・創作体験
・まとめ：現代とのつながり
・評価：レポート・発表

高校生が音楽の歴史的価値と現代的意義を理解し、生涯にわたって音楽を愛好する態度を育む授業プランを作成してください。",高等学校音楽で音楽史と鑑賞を有機的に結び付け、生徒の音楽文化理解と生涯学習への意欲を育成する授業プランを作成できます。,"人物,内容,制約",
zuga-expression-01,elementary,図画工作,自由表現活動プラン（小学校図工）,"あなたは小学校図画工作科の表現活動専門家です。
児童の創造性と表現力を最大限に引き出す自由表現活動プランを作成してください。

# 活動設定
・学年：[低学年・中学年・高学年]
・テーマ：[「自分の好きなもの」「夢の世界」「未来の〇〇」など]
・使用材料：[絵の具、クレヨン、粘土、廃材など]
・制作期間：[単時間または数時間]
・展示・鑑賞：[校内展示、相互鑑賞など]

# 表現活動の段階
1. 発想・構想の段階
2. 制作・表現の段階
3. 鑑賞・評価の段階
4. 振り返り・発展の段階

# 指導の重点
・自由な発想を大切にする雰囲気づくり
・技法・材料の基本的な使い方指導
・個性・多様性の尊重
・過程を重視した評価
・相互鑑賞による学び合い
・安全指導の徹底

# 支援の工夫
・発想を広げる資料・環境の準備
・技法指導のタイミング
・個別支援の方法
・作品保管・展示の工夫
・保護者・地域への発信

児童一人ひとりの個性と創造性が輝く、楽しく充実した表現活動プランを作成してください。",小学校図画工作で児童の自由な発想と創造性を最大限に引き出し、表現する喜びを味わわせる活動プランを創造できます。,"人物,内容,制約",
bijutsu-design-01,junior-high,美術,デザイン思考育成プロジェクト（中学校美術）,"あなたは中学校美術科のデザイン教育専門家です。
生徒がデザイン思考を身につけ、課題解決に向けた創造的な提案ができるプロジェクトを設計してください。

# プロジェクト設定
・対象：[中学1〜3年]
・課題：[学校生活の改善、地域の問題解決、環境問題など]
・制作物：[ポスター、パッケージ、プロダクト、アプリデザインなど]
・期間：[3〜6時間程度]
・協働：[個人・グループ活動の組み合わせ]

# デザイン思考のプロセス
1. 共感（問題・ニーズの発見）
2. 定義（課題の明確化）
3. 創造（アイデア発想）
4. 試作（プロトタイプ作成）
5. 検証（フィードバック・改善）

# 学習活動の展開
・問題発見のためのリサーチ
・ブレインストーミング・アイデア発想
・スケッチ・ラフデザイン
・制作・完成
・プレゼンテーション・相互評価
・振り返り・改善提案

# 指導のポイント
・実社会とのつながりを重視
・多様なアイデアの尊重
・ICTツールの効果的活用
・協働による学び合い
・社会貢献への意識醸成

生徒が創造的思考力と問題解決能力を身につけ、社会の一員としての自覚を持てるプロジェクトを設計してください。",中学校美術でデザイン思考を通して創造的問題解決能力を育成し、生徒の社会参画意識を高めるプロジェクトを設計できます。,"人物,内容,制約",
bijutsu-contemporary-01,high,美術,現代アート制作・発信プログラム（高校美術）,"あなたは高等学校芸術科（美術）の現代アート教育専門家です。
生徒が現代的な表現方法を学び、自分の作品を社会に発信するプログラムを開発してください。

# プログラム設定
・科目：[美術I、II、III]
・表現メディア：[絵画、彫刻、映像、インスタレーション、デジタルアートなど]
・テーマ：[社会問題、アイデンティティ、環境、テクノロジーなど]
・期間：[学期単位または年間プロジェクト]
・発信方法：[展覧会、SNS、地域発表など]

# 現代アートの学習要素
1. 現代アートの動向・作家研究
2. 多様な表現技法・メディアの習得
3. コンセプト・メッセージの明確化
4. 社会性・批判性を持った表現
5. 鑑賞者とのコミュニケーション

# プログラムの構成
・現代アート鑑賞・分析
・コンセプト・企画の立案
・技法研究・実験
・作品制作
・展示・発表の企画
・作品解説・プレゼンテーション
・社会への発信・交流

# 指導・支援の工夫
・美術館・ギャラリーとの連携
・現代作家との交流機会
・ICT・デジタル技術の活用
・批評・ディスカッションの場
・進路・キャリアとの関連

高校生が現代社会に向けて自分なりの表現を発信し、アーティストとしての基礎を築くプログラムを開発してください。",高等学校美術で現代的な表現技法と社会発信力を身につけ、生徒の芸術的アイデンティティと社会参画意識を育成するプログラムを開発できます。,"人物,内容,制約",
katei-cooking-01,elementary,家庭,実践的調理技能プログラム（小学校家庭）,"あなたは小学校家庭科の調理指導専門家です。
児童が基本的な調理技能を安全に楽しく身につけ、食生活に関心を持てるプログラムを作成してください。

# プログラム設定
・対象学年：[5年・6年]
・調理技能：[切る、ゆでる、炒める、蒸すなど]
・調理実習：[年間6〜8回程度]
・安全管理：[怪我防止、衛生管理、アレルギー対応]
・家庭との連携：[材料準備、家庭実践など]

# 段階的な技能習得
1. 基本の道具の使い方
2. 安全な包丁の使い方
3. 火の扱い方・加熱調理
4. 味付け・調味の基本
5. 盛り付け・配膳
6. 片付け・衛生管理

# 実習メニューの構成
・基礎実習（ゆで卵、おにぎりなど）
・季節の料理（旬の食材活用）
・郷土料理・行事食
・簡単な弁当作り
・家族への料理
・創作メニュー

# 指導の工夫
・デモンストレーションの効果的実施
・グループ編成と役割分担
・個別支援と安全確認
・振り返り・評価の工夫
・家庭での実践奨励
・食文化・栄養指導との関連

児童が調理の楽しさを実感し、生涯にわたって食生活を豊かにする基礎を築くプログラムを作成してください。",小学校家庭科で児童が調理技能を安全に習得し、食生活への関心と実践力を育む段階的なプログラムを作成できます。,"人物,内容,制約",
gika-programming-01,junior-high,技術・家庭,プログラミング的思考育成カリキュラム（中学校技術）,"あなたは中学校技術・家庭科（技術分野）のプログラミング教育専門家です。
生徒がプログラミング的思考を身につけ、問題解決能力を育成するカリキュラムを設計してください。

# カリキュラム設定
・対象学年：[中学1〜3年]
・使用言語・環境：[Scratch、Python、micro:bitなど]
・授業時数：[学年あたり10〜15時間]
・関連分野：[情報の技術、エネルギー変換など]
・評価方法：[作品評価、思考過程評価など]

# プログラミング的思考の要素
1. 分解（問題を小さな部分に分ける）
2. パターン認識（規則性の発見）
3. 抽象化（本質的な要素の抽出）
4. アルゴリズム（手順の論理的組み立て）
5. デバッグ（間違いの発見・修正）

# 学習内容の展開
・基本的なプログラミング体験
・順次・分岐・反復の理解
・センサー・アクチュエータの制御
・身近な問題の解決プログラム
・創作・表現活動
・情報モラル・セキュリティ

# 指導・評価の工夫
・ペアプログラミング・協働学習
・試行錯誤を重視した指導
・作品発表・相互評価
・実生活との関連づけ
・進路・キャリアとの接続
・ICT環境の効果的活用

生徒がプログラミングの楽しさを感じながら、論理的思考力と問題解決能力を確実に身につけるカリキュラムを設計してください。",中学校技術科でプログラミング的思考を体系的に育成し、生徒の論理的思考力と創造的問題解決能力を効果的に伸ばすカリキュラムを設計できます。,"人物,内容,制約",
katei-life-design-01,high,家庭,ライフデザイン教育プログラム（高校家庭）,"あなたは高等学校家庭科のライフデザイン教育専門家です。
生徒が自分らしい生き方を設計し、家庭・社会の一員として必要な資質・能力を身につけるプログラムを開発してください。

# プログラム設定
・科目：[家庭基礎、家庭総合]
・期間：[学期単位または年間]
・対象：[高校1〜3年（発達段階に応じて）]
・関連分野：[進路指導、キャリア教育、主権者教育]
・実践活動：[調査、実習、発表、地域連携など]

# ライフデザインの要素
1. 自己理解・価値観の明確化
2. ライフステージの理解
3. 家族・家庭の意義と役割
4. ワークライフバランス
5. 経済設計・家計管理
6. 社会参画・貢献

# 学習内容の構成
・自分史作成・将来ビジョン
・家族・パートナーシップ
・子育て・介護の理解
・住生活・消費生活の設計
・職業選択・キャリア形成
・社会制度・法律の理解
・地域社会への参画

# 活動・評価の工夫
・ライフプラン作成・発表
・ロールプレイ・シミュレーション
・地域の専門家との交流
・実態調査・データ分析
・家族・地域での実践活動
・ポートフォリオ評価

高校生が自分らしい人生設計を描き、家庭・社会の担い手として成長するプログラムを開発してください。",高等学校家庭科で生徒が自分らしいライフデザインを描き、家庭・社会の一員として必要な実践力を身につけるプログラムを開発できます。,"人物,内容,制約",
taiiku-movement-01,elementary,体育,基本運動技能習得プログラム（小学校体育）,"あなたは小学校体育科の運動技能指導専門家です。
全ての児童が基本的な運動技能を身につけ、運動の楽しさを味わえるプログラムを作成してください。

# プログラム設定
・対象学年：[低学年・中学年・高学年]
・運動領域：[体つくり運動、器械運動、陸上運動、水泳運動、球技、表現運動など]
・技能要素：[移動、平衡、操作、力試しなど]
・期間：[単元または年間計画]
・個別支援：[運動が苦手な児童への配慮]

# 基本運動技能の要素
1. 移動系（走る、跳ぶ、登るなど）
2. 平衡系（立つ、回る、転がるなど）
3. 操作系（投げる、捕る、蹴るなど）
4. 力試し系（押す、引く、運ぶなど）

# 指導の段階
・基本動作の習得
・組み合わせ動作の練習
・ゲーム・競争での活用
・発展的な技能への挑戦
・他の運動への転移

# 指導の工夫
・楽しい雰囲気づくり
・段階的な指導法
・視覚的支援・手本の活用
・仲間との協力・教え合い
・成功体験の積み重ね
・安全管理の徹底
・評価の工夫（過程重視）

全ての児童が「できた」「楽しい」を実感し、生涯にわたって運動に親しむ基礎を築くプログラムを作成してください。",小学校体育で全ての児童が基本運動技能を楽しく習得し、運動好きな子どもを育成する包括的なプログラムを作成できます。,"人物,内容,制約",
hoken-taiiku-health-01,junior-high,保健体育,健康教育実践プログラム（中学校保健）,"あなたは中学校保健体育科の健康教育専門家です。
生徒が自らの健康を管理し、生涯にわたって健康的な生活を送るための実践プログラムを開発してください。

# プログラム設定
・対象学年：[中学1〜3年]
・健康分野：[心身の発達、健康と環境、疾病の予防、応急手当など]
・実践活動：[調査、実習、発表、地域連携など]
・期間：[単元または年間計画]
・評価：[知識理解、実践力、態度など]

# 健康教育の内容
1. 心身の健康・発達の理解
2. 生活習慣病の予防
3. 感染症・薬物等の予防
4. 心の健康・ストレス管理
5. 応急手当・安全管理
6. 健康情報の活用

# 実践活動の展開
・健康診断結果の分析・活用
・生活習慣の調査・改善計画
・応急手当の実習・シミュレーション
・ストレス対処法の体験・実践
・健康情報の収集・評価・発信
・地域の健康課題調査・提案

# 指導・支援の工夫
・科学的根拠に基づく指導
・生徒の実態に応じた個別支援
・体験的・実践的な学習活動
・ICT・データ活用の促進
・専門機関・地域との連携
・家庭・社会への発信

中学生が健康の保持増進を自ら実践し、健康な社会づくりにも貢献できるプログラムを開発してください。",中学校保健で生徒が科学的根拠に基づいた健康管理を実践し、生涯にわたる健康づくりの基礎を確立するプログラムを開発できます。,"人物,内容,制約",
hoken-taiiku-sports-01,high,保健体育,生涯スポーツ実践プログラム（高校体育）,"あなたは高等学校保健体育科のスポーツ教育専門家です。
生徒が生涯にわたってスポーツに親しみ、豊かなスポーツライフを実現するためのプログラムを設計してください。

# プログラム設定
・科目：[体育、スポーツⅠ・Ⅱなど]
・対象：[高校1〜3年、習熟度別対応]
・運動種目：[球技、陸上、水泳、武道、ダンス、野外活動など]
・期間：[年間計画、進路との関連]
・地域連携：[スポーツクラブ、施設活用など]

# 生涯スポーツの観点
1. 多様なスポーツの体験・習得
2. 個人の適性・興味に応じた選択
3. 健康・体力の維持向上
4. スポーツの楽しさ・価値理解
5. スポーツを通した社会参画
6. 指導・支援する力の育成

# プログラムの構成
・基礎体力・技能の向上
・選択制による専門技能習得
・ニュースポーツ・生涯スポーツ体験
・スポーツの科学的理解
・審判・指導法の学習
・地域スポーツ活動への参加
・スポーツイベントの企画・運営

# 指導・評価の工夫
・生徒の主体的な学習促進
・技能差に応じた指導法
・仲間との協働・教え合い
・ICT活用による技能分析
・地域指導者との連携
・実技・知識・態度の総合評価

高校生が自分に適したスポーツを発見し、卒業後も継続してスポーツに親しむ基盤を築くプログラムを設計してください。",高等学校体育で生徒が自分に適したスポーツを見つけ、生涯にわたってスポーツを享受する態度と能力を育成するプログラムを設計できます。,"人物,内容,制約",
doutoku-consideration-01,elementary,道徳,思いやりの心育成プログラム（小学校道徳）,"あなたは小学校道徳科の専門家です。
児童の思いやりの心を育み、他者への配慮ある行動ができるようになるプログラムを作成してください。

# プログラム設定
・対象学年：[低学年・中学年・高学年の発達段階に応じて]
・道徳的価値：[親切、思いやり、感謝、友情など]
・教材：[読み物資料、体験談、映像資料など]
・期間：[年間を通した系統的指導]
・実践化：[学校生活、家庭生活での実践]

# 思いやりの心の育成段階
1. 相手の気持ちに気づく
2. 相手の立場で考える
3. 思いやりのある行動を選択する
4. 継続的に実践する
5. より深い思いやりへと発展させる

# 指導方法の工夫
・児童の実体験との関連づけ
・役割演技・体験活動の活用
・心情の変化を捉える発問
・児童同士の対話・交流
・振り返り・自己評価の重視
・日常実践への動機づけ

# 評価・実践化の工夫
・行動観察による評価
・自己評価・相互評価
・保護者・地域との連携
・学級・学校生活での実践場面設定
・継続的な指導・支援

児童が思いやりの心を内面化し、日常的に他者への配慮ある行動を実践できるプログラムを作成してください。",小学校道徳で児童の思いやりの心を段階的に育成し、日常生活での実践力を身につけるプログラムを体系的に作成できます。,"人物,内容,制約",
doutoku-responsibility-01,junior-high,道徳,責任感・自律性育成カリキュラム（中学校道徳）,"あなたは中学校道徳科の専門家です。
思春期の生徒が責任感と自律性を身につけ、自分の行動に責任を持てるようになるカリキュラムを設計してください。

# カリキュラム設定
・対象学年：[中学1〜3年の発達段階]
・道徳的価値：[責任・義務、自律、自由と責任、節度・節制など]
・教材・資料：[現代的課題、生徒の実態に即した教材]
・指導時間：[年間35時間の系統的配列]
・関連指導：[学級活動、生徒指導との連携]

# 責任感・自律性の発達段階
1. 自分の行動の結果を理解する
2. 責任の意味と重要性を理解する
3. 自分で判断し行動する
4. 継続的に責任を果たす
5. 社会の一員としての責任を自覚する

# 指導方法の特色
・問題解決的な学習の重視
・多面的・多角的な思考の促進
・生徒の主体的な対話・議論
・実際の事例・体験の活用
・価値の内面化を図る工夫
・実践意欲の向上

# 評価・実践の工夫
・学習状況の適切な把握
・自己評価・振り返りの充実
・学校生活全体での実践
・家庭・地域との連携
・継続的な成長支援

中学生が自分自身と向き合い、責任ある行動ができる人間性を育むカリキュラムを設計してください。",中学校道徳で思春期の生徒の責任感と自律性を段階的に育成し、社会の一員としての自覚を高めるカリキュラムを設計できます。,"人物,内容,制約",
doutoku-citizenship-01,high,道徳,公共の精神・社会参画育成プログラム（高校道徳）,"あなたは高等学校の公民科・特別活動の専門家です。
高校生が公共の精神を身につけ、積極的に社会参画する態度を育成するプログラムを開発してください。

# プログラム設定
・関連科目：[公共、倫理、特別活動など]
・対象：[高校1〜3年、進路多様性への対応]
・価値・内容：[公共の精神、社会参画、持続可能性、多様性の尊重など]
・実践活動：[ボランティア、地域活動、社会貢献活動など]
・期間：[年間または3年間の系統的指導]

# 公共の精神・社会参画の要素
1. 社会の一員としての自覚
2. 公共の利益への関心
3. 多様性の理解・尊重
4. 社会的課題への問題意識
5. 主体的な社会参画の実践
6. 持続可能な社会の構築

# プログラムの構成
・現代社会の課題理解
・地域社会・国際社会への関心
・ボランティア・社会貢献体験
・多様な立場の人々との交流
・社会問題の調査・提案活動
・主権者としての資質向上
・将来の社会参画への準備

# 指導・評価の工夫
・実社会との関連を重視
・体験的・実践的な学習活動
・地域・NPO等との連携
・生徒の主体的な企画・運営
・振り返り・価値の内面化
・進路・キャリアとの関連

高校生が社会の担い手としての自覚を持ち、卒業後も継続的に社会貢献する人材に成長するプログラムを開発してください。",高等学校で生徒の公共の精神と社会参画意識を育成し、民主的社会の担い手としての資質・能力を身につけるプログラムを開発できます。,"人物,内容,制約",
sogo-environment-01,elementary,総合,環境教育探究プロジェクト（小学校総合）,"あなたは小学校総合的な学習の時間の環境教育専門家です。
児童が身近な環境問題を探究し、環境保全への意識と行動力を育むプロジェクトを設計してください。

# プロジェクト設定
・対象学年：[3〜6年、学年に応じた内容設定]
・探究課題：[学校周辺の自然、地域の環境問題、地球環境など]
・期間：[1学期〜通年プロジェクト]
・関連教科：[理科、社会、国語、算数など]
・地域連携：[自治体、NPO、専門家との協働]

# 探究のプロセス
1. 課題の設定（疑問・問題の発見）
2. 情報の収集（観察、調査、インタビュー）
3. 整理・分析（データの整理、関係性の把握）
4. まとめ・表現（結論、提案の作成）
5. 実践・発信（行動化、成果の共有）

# 学習活動の展開
・身近な自然環境の観察・調査
・環境問題の原因・影響の調査
・専門家・地域の人へのインタビュー
・データ収集・分析・グラフ化
・環境保全への提案・実践活動
・成果発表・地域への発信

# 指導・支援の工夫
・児童の問題意識を大切にした課題設定
・多様な情報収集方法の指導
・ICT活用による情報整理・表現
・地域の専門家との連携
・実践活動への動機づけ
・継続的な取組への発展

児童が環境問題を自分事として捉え、持続可能な社会づくりに向けて行動する力を育むプロジェクトを設計してください。",小学校総合学習で児童が環境問題を主体的に探究し、持続可能な社会を創造する意識と実践力を育成するプロジェクトを設計できます。,"人物,内容,制約",
sogo-career-01,junior-high,総合,キャリア探究プログラム（中学校総合）,"あなたは中学校総合的な学習の時間のキャリア教育専門家です。
生徒が自分の将来について考え、キャリア形成の基礎を築く探究プログラムを開発してください。

# プログラム設定
・対象学年：[中学1〜3年、発達段階に応じた系統性]
・探究内容：[職業理解、自己理解、社会理解、進路設計など]
・期間：[3年間を通した系統的プログラム]
・体験活動：[職場体験、インターンシップ、職業人講話など]
・関連指導：[進路指導、道徳、各教科との関連]

# キャリア探究の段階
1. 自己理解の深化（興味・関心、適性の把握）
2. 職業・社会の理解（多様な働き方の理解）
3. 体験活動による学び（職場体験等）
4. 将来設計・進路選択（目標設定、計画立案）
5. 実現に向けた準備（学習計画、実践）

# 学習活動の構成
・自分史作成・将来の夢探し
・職業調査・職業人インタビュー
・職場体験・職業体験活動
・働くことの意義・価値の考察
・進路情報の収集・分析
・キャリアプラン作成・発表
・実現に向けた行動計画

# 指導・評価の工夫
・生徒の主体的な探究活動
・地域・企業との連携強化
・保護者・家族との連携
・ポートフォリオによる記録・振り返り
・個別指導・相談体制の充実
・高校との接続を意識した指導

中学生が自分らしい生き方・働き方を見つけ、主体的に進路選択できる力を育むプログラムを開発してください。",中学校総合学習でキャリア探究を通して生徒の自己理解と社会理解を深め、主体的な進路選択能力を育成するプログラムを開発できます。,"人物,内容,制約",
sogo-global-01,high,総合,グローバル課題解決プロジェクト（高校総合）,"あなたは高等学校総合的な探究の時間のグローバル教育専門家です。
生徒がグローバルな視点で社会課題を捉え、解決に向けて行動する力を育成するプロジェクトを設計してください。

# プロジェクト設定
・対象：[高校1〜3年、進路多様性対応]
・探究テーマ：[SDGs、国際協力、多文化共生、平和構築など]
・期間：[年間または複数年にわたる探究]
・国際連携：[海外の学校、国際機関、NGOとの協働]
・成果発信：[国際会議、コンテスト、政策提言など]

# グローバル課題探究の要素
1. 地球規模課題の理解・分析
2. 多文化・多様性の理解
3. 国際協力・連携の実践
4. 解決策の提案・実行
5. 発信・アドボカシー活動
6. 持続可能な社会の構築

# プロジェクトの展開
・グローバル課題の調査・分析
・海外との交流・協働活動
・フィールドワーク・現地調査
・専門家・実践者との対話
・解決策の企画・実践
・国際的な発信・提言活動
・持続的な取組の構築

# 指導・支援体制
・教科横断的な指導体制
・国際機関・NPOとのパートナーシップ
・ICTを活用した国際協働
・英語等外国語の実践的活用
・大学・研究機関との連携
・成果の社会発信・政策提言

高校生がグローバルな課題解決者として成長し、国際社会で活躍する基盤を築くプロジェクトを設計してください。",高等学校探究学習でグローバルな視点から社会課題を探究し、国際社会で活躍する資質・能力を育成するプロジェクトを設計できます。,"人物,内容,制約",
tokkatsu-class-management-01,elementary,特別活動,自主的学級運営システム（小学校特活）,"あなたは小学校特別活動の学級活動専門家です。
児童が主体的に学級運営に参画し、協働して良い学級を作るシステムを構築してください。

# システム設定
・対象学年：[低学年・中学年・高学年の発達段階]
・運営組織：[学級会、係活動、当番活動など]
・話し合い：[議題設定、司会・記録、合意形成など]
・実践活動：[決定事項の実行、振り返り・改善など]
・教師の役割：[支援・指導のあり方]

# 自主的運営の要素
1. 児童による問題発見・議題提案
2. 民主的な話し合い・意思決定
3. 全員参加の実践活動
4. 振り返り・改善のサイクル
5. 他者理解・協調性の育成

# 学級会の充実
・議題選定の工夫（生活上の問題、楽しい活動など）
・司会・記録等の役割分担と育成
・話し合いスキルの指導
・合意形成・意思決定の方法
・決定事項の実践・評価

# 係・当番活動の工夫
・学級のニーズに応じた係の設定
・自発的・創造的な活動の奨励
・協力・分担による活動推進
・定期的な振り返り・改善
・感謝・承認の文化づくり

児童が学級の一員としての自覚を持ち、協働して学級をより良くする力を育むシステムを構築してください。",小学校特別活動で児童の自主性と協働性を育成し、民主的な学級運営を通して社会性を身につけるシステムを構築できます。,"人物,内容,制約",
tokkatsu-student-council-01,junior-high,特別活動,生徒会活動活性化プログラム（中学校特活）,"あなたは中学校特別活動の生徒会活動専門家です。
生徒が学校運営に主体的に参画し、リーダーシップと社会性を育む生徒会活動プログラムを開発してください。

# プログラム設定
・対象：[全校生徒、生徒会役員、各種委員会]
・活動領域：[学校行事、生活改善、地域貢献、国際交流など]
・運営組織：[生徒会本部、専門委員会、学級代表など]
・期間：[年間を通した継続的活動]
・支援体制：[教師の指導・助言、地域との連携]

# 生徒会活動の機能
1. 学校生活の改善・向上
2. 生徒の意見表明・参画
3. リーダーシップの育成
4. 協働性・社会性の発達
5. 自治的能力の向上
6. 社会参画への基礎づくり

# 活動内容の充実
・生徒総会・代表委員会の活性化
・学校行事の企画・運営参画
・学校生活向上への提案・実践
・地域貢献・ボランティア活動
・他校・地域との交流活動
・生徒の声を反映する仕組みづくり

# 指導・支援の工夫
・生徒の主体性を重視した指導
・民主的な意思決定プロセスの学習
・リーダーシップ研修の実施
・継続的な活動評価・改善
・地域・保護者との連携
・将来の社会参画への意識づけ

中学生が学校の主人公として活躍し、民主的社会の担い手としての基礎を築くプログラムを開発してください。",中学校特別活動で生徒会活動を通して生徒の自治的能力とリーダーシップを育成し、民主的社会の担い手を育成するプログラムを開発できます。,"人物,内容,制約",
tokkatsu-school-event-01,high,特別活動,学校行事プロデュースプログラム（高校特活）,"あなたは高等学校特別活動の学校行事専門家です。
生徒が学校行事を主体的に企画・運営し、創造性とマネジメント能力を育成するプログラムを設計してください。

# プログラム設定
・対象行事：[文化祭、体育祭、修学旅行、卒業式など]
・運営組織：[実行委員会、各種委員会、クラス・部活動]
・期間：[企画から評価まで数ヶ月の長期プロジェクト]
・対象：[高校1〜3年、役割分担と学年継承]
・地域連携：[地域住民、卒業生、関係機関との協働]

# 行事プロデュースの要素
1. 企画・コンセプト立案
2. 予算・資源管理
3. チームビルディング・役割分担
4. 広報・集客活動
5. 当日運営・トラブル対応
6. 評価・振り返り・継承

# プログラムの構成
・行事の意義・目的の共有
・企画立案・コンセプト設計
・実行計画・予算案作成
・チーム編成・役割分担
・準備・練習・リハーサル
・本番実施・運営管理
・振り返り・成果の確認
・次年度への継承・発展

# 指導・評価の工夫
・生徒の創造性・自主性の尊重
・PDCAサイクルによる改善
・地域・保護者との協働促進
・安全管理・危機管理の指導
・個々の成長と集団の成長の両立
・社会人基礎力の育成

高校生が行事を通して企画力・実行力・協働力を身につけ、社会で活躍する基盤を築くプログラムを設計してください。",高等学校特別活動で学校行事の企画・運営を通して生徒の創造性・マネジメント能力・協働力を育成するプログラムを設計できます。,"人物,内容,制約",
tankyu-research-methodology-01,high,探究,探究研究方法論習得プログラム,"あなたは高等学校探究学習の研究方法論専門家です。
生徒が学術的な探究研究を行うために必要な研究方法論を体系的に習得するプログラムを開発してください。

# プログラム設定
・対象：[高校1〜3年、段階的スキル習得]
・期間：[年間を通した系統的指導]
・研究分野：[人文・社会科学、自然科学、学際領域]
・成果発表：[校内発表会、外部コンテスト、学会発表など]
・指導体制：[教科横断、外部専門家連携]

# 研究方法論の要素
1. 問いの設定・仮説構築
2. 先行研究調査・文献レビュー
3. 研究計画立案・方法選択
4. データ収集・調査実施
5. 分析・考察・結論導出
6. 論文作成・発表技法

# プログラムの展開
・研究倫理・学術的誠実性の理解
・問い・仮説設定の技法
・文献検索・情報収集方法
・量的・質的研究方法の習得
・データ分析・統計処理技能
・論文・レポート作成技法
・プレゼンテーション・ディスカッション技能

# 指導・支援の特色
・個人研究とグループ研究の組み合わせ
・大学・研究機関との連携
・専門家によるメンタリング
・段階的評価・フィードバック
・研究成果の社会発信
・進路・キャリアとの接続

高校生が大学レベルの探究研究を行い、将来の学術研究や社会課題解決に向けた基盤を築くプログラムを開発してください。",高等学校探究学習で学術的研究方法論を体系的に習得し、大学での学びや将来の研究活動につながる探究力を育成するプログラムを開発できます。,"人物,内容,制約",
tankyu-interdisciplinary-01,high,探究,文理融合探究プロジェクト,"あなたは高等学校探究学習の学際的研究専門家です。
文系・理系の枠を超えた学際的なアプローチで社会課題を探究するプロジェクトを設計してください。

# プロジェクト設定
・探究テーマ：[AI・技術と社会、環境・エネルギー問題、医療・福祉、都市・地域計画など]
・参加者：[文系・理系選択者の混成チーム]
・期間：[半年〜1年の長期プロジェクト]
・連携機関：[大学、企業、研究所、自治体など]
・成果：[政策提言、プロトタイプ開発、社会実装など]

# 文理融合の観点
1. 科学技術と人文社会の統合
2. 定量的・定性的アプローチの併用
3. 倫理的・社会的課題の考慮
4. 多角的・複合的な問題分析
5. 実社会への応用・実装

# プロジェクトの進行
・学際的課題の設定・共有
・各分野の専門知識習得
・フィールドワーク・現地調査
・データ分析・理論構築
・解決策の企画・設計
・プロトタイプ・提案作成
・社会実装・政策提言
・成果発表・社会発信

# 指導・支援体制
・文理教員の協働指導
・外部専門家のアドバイザリー
・企業・自治体との連携
・国際的な視点の導入
・デザイン思考の活用
・社会実装への支援

高校生が文理の垣根を超えて複雑な社会課題に取り組み、将来の学際的リーダーとしての基盤を築くプロジェクトを設計してください。",高等学校探究学習で文理融合的なアプローチにより複雑な社会課題を探究し、学際的思考力と問題解決能力を育成するプロジェクトを設計できます。,"人物,内容,制約",
tankyu-social-innovation-01,high,探究,ソーシャルイノベーション創出プログラム,"あなたは高等学校探究学習のソーシャルイノベーション専門家です。
生徒が社会的課題を解決する革新的なアイデアを創出し、実際に社会実装に取り組むプログラムを構築してください。

# プログラム設定
・対象課題：[地域活性化、高齢化社会、教育格差、環境問題、国際協力など]
・参加者：[高校2〜3年、多様な興味・能力を持つ生徒]
・期間：[年間を通した継続的プロジェクト]
・協働先：[NPO、社会起業家、自治体、企業のCSR部門など]
・成果目標：[プロトタイプ開発、政策提言、実証実験など]

# ソーシャルイノベーションの要素
1. 社会的課題の深い理解
2. 斬新で実現可能なアイデア創出
3. ステークホルダーとの協働
4. 持続可能なビジネスモデル
5. 社会的インパクトの測定
6. スケールアップの戦略

# プログラムの構成
・社会課題の発見・分析
・ユーザーニーズの調査・検証
・アイデア創出・プロトタイピング
・ビジネスモデルの構築
・パイロット実験・効果測定
・ステークホルダーとの連携
・社会実装・普及戦略
・成果発表・政策提言

# 指導・支援体制
・デザイン思考・リーンスタートアップ手法
・社会起業家・専門家との連携
・地域コミュニティとの協働
・大学・研究機関との連携
・資金調達・助成金活用
・メンタリング・コーチング
・国際的な視点・交流

高校生が社会変革の担い手として成長し、将来の社会起業や社会貢献活動の基盤を築くプログラムを構築してください。",高等学校探究学習で生徒が社会的課題を解決する革新的なアイデアを創出し、実際の社会実装に向けた実践力を育成するプログラムを構築できます。,"人物,内容,制約",